ISO-10303-21;
HEADER;
FILE_DESCRIPTION (( 'STEP AP214' ),
    '1' );
FILE_NAME ('Part1^Assem2.STEP',
    '2023-06-13T03:51:12',
    ( '' ),
    ( '' ),
    'SwSTEP 2.0',
    'SolidWorks 2020',
    '' );
FILE_SCHEMA (( 'AUTOMOTIVE_DESIGN' ));
ENDSEC;

DATA;
#1 = CARTESIAN_POINT ( 'NONE',  ( 1.055263821016529935, 2.552924305556701690, 2.182686129479090908 ) ) ;
#2 = ORIENTED_EDGE ( 'NONE', *, *, #632, .F. ) ;
#3 = CARTESIAN_POINT ( 'NONE',  ( 1.430263821016521719, 2.528203907994234889, 5.749963835247865696 ) ) ;
#4 = EDGE_CURVE ( 'NONE', #351, #332, #694, .T. ) ;
#5 = CARTESIAN_POINT ( 'NONE',  ( 1.247281936564012206, 2.235511517144624261, 2.752257543559094799 ) ) ;
#6 = CARTESIAN_POINT ( 'NONE',  ( 1.430263821016529491, 1.768203907994290391, 3.489963835247838375 ) ) ;
#7 = CARTESIAN_POINT ( 'NONE',  ( 1.772957779885736329, 2.482361592172779297, 4.168333872209620594 ) ) ;
#8 = ORIENTED_EDGE ( 'NONE', *, *, #233, .F. ) ;
#9 = CARTESIAN_POINT ( 'NONE',  ( 1.350797430706082380, 2.192288355108122477, 4.245880632018432799 ) ) ;
#10 = AXIS2_PLACEMENT_3D ( 'NONE', #947, #1189, #2294 ) ;
#11 = CARTESIAN_POINT ( 'NONE',  ( 1.193849270086634773, 2.779712067583914870, 2.767622722936982083 ) ) ;
#12 = DIRECTION ( 'NONE',  ( -0.000000000000000000, -1.000000000000000000, -0.000000000000000000 ) ) ;
#13 = EDGE_LOOP ( 'NONE', ( #1397, #2136 ) ) ;
#14 = AXIS2_PLACEMENT_3D ( 'NONE', #1415, #2518, #1629 ) ;
#15 = PLANE ( 'NONE',  #958 ) ;
#16 = ADVANCED_FACE ( 'NONE', ( #2286 ), #1211, .T. ) ;
#17 = FACE_BOUND ( 'NONE', #1871, .T. ) ;
#18 = ORIENTED_EDGE ( 'NONE', *, *, #2149, .T. ) ;
#19 = CARTESIAN_POINT ( 'NONE',  ( 1.430263821016529047, 2.528203907994290844, 1.719963835247838357 ) ) ;
#20 = CARTESIAN_POINT ( 'NONE',  ( 1.686929143063647496, 2.254528636954180598, 4.825553933291745423 ) ) ;
#21 = DIRECTION ( 'NONE',  ( 0.2808593899271646377, 0.000000000000000000, 0.9597489271104922004 ) ) ;
#22 = CARTESIAN_POINT ( 'NONE',  ( 1.418874342936353283, 2.873203907994290596, 4.249963835247838162 ) ) ;
#23 = AXIS2_PLACEMENT_3D ( 'NONE', #2432, #2030, #2633 ) ;
#24 = AXIS2_PLACEMENT_3D ( 'NONE', #1017, #2795, #2767 ) ;
#25 = AXIS2_PLACEMENT_3D ( 'NONE', #1121, #893, #1540 ) ;
#26 = DIRECTION ( 'NONE',  ( -0.000000000000000000, -1.047444401652940007E-14, 1.000000000000000000 ) ) ;
#27 = AXIS2_PLACEMENT_3D ( 'NONE', #310, #701, #1793 ) ;
#28 = CARTESIAN_POINT ( 'NONE',  ( 1.256339960686837287, 2.827002179409089599, 2.749881443084404520 ) ) ;
#29 = ADVANCED_FACE ( 'NONE', ( #378 ), #951, .T. ) ;
#30 = DIRECTION ( 'NONE',  ( -0.2990215578254300510, -0.4007319652281974287, -0.8660254037844385966 ) ) ;
#31 = EDGE_LOOP ( 'NONE', ( #1954, #892, #1123, #2626 ) ) ;
#32 = CYLINDRICAL_SURFACE ( 'NONE', #25, 0.3450000000000000289 ) ;
#33 = CARTESIAN_POINT ( 'NONE',  ( 1.430263821016529491, 3.028203907994290844, 3.489963835247838375 ) ) ;
#34 = EDGE_LOOP ( 'NONE', ( #539, #2018 ) ) ;
#35 = FACE_OUTER_BOUND ( 'NONE', #316, .T. ) ;
#36 = DIRECTION ( 'NONE',  ( 0.000000000000000000, 0.000000000000000000, 1.000000000000000000 ) ) ;
#37 = DIRECTION ( 'NONE',  ( -0.000000000000000000, 1.000000000000000000, -0.000000000000000000 ) ) ;
#38 = LINE ( 'NONE', #1378, #380 ) ;
#39 = B_SPLINE_CURVE_WITH_KNOTS ( 'NONE', 3,
 ( #2610, #674, #1692, #2395, #1485, #464, #1720, #1326, #2762, #830, #1265, #200, #1054, #311, #530, #1807, #914, #2221, #1563, #2424, #926, #2678, #1115, #901 ),
 .UNSPECIFIED., .F., .F.,
 ( 4, 2, 2, 2, 2, 2, 2, 2, 2, 2, 2, 4 ),
 ( 0.02992476189088302124, 0.03179476119395726469, 0.03366476049703150120, 0.03459976014856862292, 0.03553475980010573770, 0.03740475910317996033, 0.03833975875471705430, 0.03927475840625414827, 0.04114475770932836396, 0.04301475701240257965, 0.04394975666393968056, 0.04488475631547678146 ),
 .UNSPECIFIED. ) ;
#40 = CARTESIAN_POINT ( 'NONE',  ( 1.097130294712080234, 2.437785527258360840, 2.806856462856655909 ) ) ;
#41 = DIRECTION ( 'NONE',  ( -0.000000000000000000, -1.047444401652940007E-14, 1.000000000000000000 ) ) ;
#42 = CARTESIAN_POINT ( 'NONE',  ( 1.775263821016529464, 2.528203907994290844, 4.167145494775028602 ) ) ;
#43 = EDGE_LOOP ( 'NONE', ( #1813, #2203, #527, #1757 ) ) ;
#44 = CARTESIAN_POINT ( 'NONE',  ( 1.309216992311376115, 2.173064176518556767, 4.844617762029833408 ) ) ;
#45 =( LENGTH_UNIT ( ) NAMED_UNIT ( * ) SI_UNIT ( $, .METRE. ) );
#46 = VERTEX_POINT ( 'NONE', #570 ) ;
#47 = DIRECTION ( 'NONE',  ( -0.000000000000000000, 0.000000000000000000, -1.000000000000000000 ) ) ;
#48 = CARTESIAN_POINT ( 'NONE',  ( 1.430263821016529491, 2.028203907994290844, 3.489963835247838375 ) ) ;
#49 = DIRECTION ( 'NONE',  ( 0.000000000000000000, 0.000000000000000000, -1.000000000000000000 ) ) ;
#50 = CARTESIAN_POINT ( 'NONE',  ( 1.430263821016529713, 2.528203907994290844, 2.701774835247837903 ) ) ;
#51 = CARTESIAN_POINT ( 'NONE',  ( 1.802784253051742391, 2.478634907818692223, 2.181967791656570288 ) ) ;
#52 = EDGE_CURVE ( 'NONE', #2155, #851, #1116, .T. ) ;
#53 = CARTESIAN_POINT ( 'NONE',  ( 1.125461088954059052, 2.746997358751182894, 4.815386173851416984 ) ) ;
#54 = CARTESIAN_POINT ( 'NONE',  ( 1.805263821016529491, 2.528203907994290844, 1.529963835247838411 ) ) ;
#55 = EDGE_LOOP ( 'NONE', ( #390, #1480 ) ) ;
#56 = AXIS2_PLACEMENT_3D ( 'NONE', #2086, #1614, #769 ) ;
#57 = AXIS2_PLACEMENT_3D ( 'NONE', #613, #2745, #814 ) ;
#58 =( CONVERSION_BASED_UNIT ( 'INCH', #1343 ) LENGTH_UNIT ( ) NAMED_UNIT ( #500 ) );
#59 = ORIENTED_EDGE ( 'NONE', *, *, #2712, .F. ) ;
#60 = CARTESIAN_POINT ( 'NONE',  ( 1.430263821016521719, 2.528203907994234889, 5.749963835247865696 ) ) ;
#61 = AXIS2_PLACEMENT_3D ( 'NONE', #1024, #2046, #2090 ) ;
#62 = DIRECTION ( 'NONE',  ( 0.000000000000000000, -1.000000000000000000, -0.000000000000000000 ) ) ;
#63 = ADVANCED_FACE ( 'NONE', ( #1038 ), #1050, .F. ) ;
#64 = CARTESIAN_POINT ( 'NONE',  ( 1.430263821016529047, 2.388203907994290720, 1.719963835247838357 ) ) ;
#65 = DIRECTION ( 'NONE',  ( 0.000000000000000000, 1.000000000000000000, 9.502079977962660984E-15 ) ) ;
#66 = CARTESIAN_POINT ( 'NONE',  ( 1.712273695968589360, 2.280726776538620104, 2.159500183526932293 ) ) ;
#67 = EDGE_CURVE ( 'NONE', #1744, #1003, #1278, .T. ) ;
#68 = CIRCLE ( 'NONE', #747, 0.6499999999999999112 ) ;
#69 = DIRECTION ( 'NONE',  ( -0.5980431156508598800, -0.8014639304563944133, 0.000000000000000000 ) ) ;
#70 = CARTESIAN_POINT ( 'NONE',  ( 1.430263821016521719, 2.653203907994234889, 5.749963835247867472 ) ) ;
#71 = ORIENTED_EDGE ( 'NONE', *, *, #2087, .F. ) ;
#72 = AXIS2_PLACEMENT_3D ( 'NONE', #2242, #2513, #1827 ) ;
#73 = AXIS2_PLACEMENT_3D ( 'NONE', #719, #1594, #1182 ) ;
#74 = CYLINDRICAL_SURFACE ( 'NONE', #880, 1.359999999999999876 ) ;
#75 = EDGE_LOOP ( 'NONE', ( #2696, #1874, #553, #2007, #2, #683, #875, #336, #492, #59 ) ) ;
#76 = CARTESIAN_POINT ( 'NONE',  ( 1.441654904509291013, 2.183203907994290649, 2.729963835247838588 ) ) ;
#77 = DIRECTION ( 'NONE',  ( 0.000000000000000000, 1.000000000000000000, 8.741913579725648610E-15 ) ) ;
#78 = LINE ( 'NONE', #2230, #1012 ) ;
#79 = EDGE_LOOP ( 'NONE', ( #1968, #1454 ) ) ;
#80 = CARTESIAN_POINT ( 'NONE',  ( 1.430263821016529491, 2.528203907994290844, 5.749963835247865696 ) ) ;
#81 = ORIENTED_EDGE ( 'NONE', *, *, #490, .T. ) ;
#82 = ADVANCED_FACE ( 'NONE', ( #655 ), #169, .T. ) ;
#83 = CARTESIAN_POINT ( 'NONE',  ( 1.085263821016529739, 2.516773796357547610, 2.812782175720647260 ) ) ;
#84 = CYLINDRICAL_SURFACE ( 'NONE', #289, 0.01968503937007848661 ) ;
#85 = CARTESIAN_POINT ( 'NONE',  ( 1.085263821016529517, 2.528203907994290844, 4.167145494775028602 ) ) ;
#86 = VERTEX_POINT ( 'NONE', #624 ) ;
#87 = DIRECTION ( 'NONE',  ( 0.000000000000000000, 1.000000000000000000, 1.047444401652940007E-14 ) ) ;
#88 = EDGE_LOOP ( 'NONE', ( #2322, #1090 ) ) ;
#89 = EDGE_CURVE ( 'NONE', #2530, #651, #1186, .T. ) ;
#90 = DIRECTION ( 'NONE',  ( 0.000000000000000000, 1.047444401652940007E-14, -1.000000000000000000 ) ) ;
#91 = DIRECTION ( 'NONE',  ( -0.5980431156508599910, -0.8014639304563943023, 0.000000000000000000 ) ) ;
#92 = ORIENTED_EDGE ( 'NONE', *, *, #408, .T. ) ;
#93 = DIRECTION ( 'NONE',  ( 0.000000000000000000, 1.000000000000000000, -0.000000000000000000 ) ) ;
#94 = ADVANCED_FACE ( 'NONE', ( #1517, #2380 ), #448, .F. ) ;
#95 = ORIENTED_EDGE ( 'NONE', *, *, #889, .F. ) ;
#96 = CARTESIAN_POINT ( 'NONE',  ( 1.703967814120165958, 2.271569274490389478, 2.157761045857208071 ) ) ;
#97 = AXIS2_PLACEMENT_3D ( 'NONE', #355, #1212, #2081 ) ;
#98 = CARTESIAN_POINT ( 'NONE',  ( 1.344952702268758848, 2.893577962791019420, 4.847339190159831723 ) ) ;
#99 = CARTESIAN_POINT ( 'NONE',  ( 1.757292258883285774, 2.640387432102410337, 2.803856057570374372 ) ) ;
#100 = CARTESIAN_POINT ( 'NONE',  ( 1.353742556218683557, 2.425654389333531391, 1.719963835247838357 ) ) ;
#101 = ORIENTED_EDGE ( 'NONE', *, *, #798, .F. ) ;
#102 = CARTESIAN_POINT ( 'NONE',  ( 1.775263821016529464, 2.528203907994290844, 2.812782175720647260 ) ) ;
#103 = EDGE_LOOP ( 'NONE', ( #323, #659, #458, #2177, #800 ) ) ;
#104 = B_SPLINE_CURVE_WITH_KNOTS ( 'NONE', 3,
 ( #371, #1034, #1045, #2797, #2101, #1465, #1021, #1699, #2785, #1245, #631, #2141, #1883, #2115, #2741, #1492, #192, #809, #205, #2361, #1711, #1925, #1911, #2334 ),
 .UNSPECIFIED., .F., .F.,
 ( 4, 2, 2, 2, 2, 2, 2, 2, 2, 2, 2, 4 ),
 ( 0.04165792510146924810, 0.04252479425109829958, 0.04339166340072735800, 0.04512540169998546791, 0.04685913999924357781, 0.04859287829850168772, 0.05032661659775980456, 0.05119348574738887686, 0.05206035489701794916, 0.05379409319627610764, 0.05466096234590519382, 0.05552783149553427305 ),
 .UNSPECIFIED. ) ;
#105 = VECTOR ( 'NONE', #2129, 39.37007874015748143 ) ;
#106 = ADVANCED_FACE ( 'NONE', ( #1888, #417 ), #2365, .T. ) ;
#107 = FACE_OUTER_BOUND ( 'NONE', #1761, .T. ) ;
#108 = AXIS2_PLACEMENT_3D ( 'NONE', #1565, #2252, #69 ) ;
#109 = FACE_OUTER_BOUND ( 'NONE', #1713, .T. ) ;
#110 = VERTEX_POINT ( 'NONE', #1929 ) ;
#111 = CARTESIAN_POINT ( 'NONE',  ( 1.641341065963281887, 2.802010121350362315, 4.220315200207927830 ) ) ;
#112 = CLOSED_SHELL ( 'NONE', ( #1521, #172, #821, #1652, #29, #2611, #2396, #1149, #1464, #1896, #1055, #612, #2519, #2565, #856, #2760, #1256, #271, #82, #219, #725, #2765, #1665, #1806, #1452, #106 ) ) ;
#113 = UNCERTAINTY_MEASURE_WITH_UNIT (LENGTH_MEASURE( 1.000000000000000082E-05 ), #58, 'distance_accuracy_value', 'NONE');
#114 = AXIS2_PLACEMENT_3D ( 'NONE', #2218, #485, #77 ) ;
#115 = CARTESIAN_POINT ( 'NONE',  ( 1.430263821016530601, 3.288203907994291075, 3.489963835247838375 ) ) ;
#116 = DIRECTION ( 'NONE',  ( 1.000000000000000000, 0.000000000000000000, 0.000000000000000000 ) ) ;
#117 = CARTESIAN_POINT ( 'NONE',  ( 1.603995903606989959, 2.826480027649768800, 2.750017962531445814 ) ) ;
#118 = DIRECTION ( 'NONE',  ( 0.000000000000000000, 0.000000000000000000, 1.000000000000000000 ) ) ;
#119 = ORIENTED_EDGE ( 'NONE', *, *, #2460, .F. ) ;
#120 = VECTOR ( 'NONE', #1870, 39.37007874015748143 ) ;
#121 = EDGE_CURVE ( 'NONE', #1971, #1040, #1469, .T. ) ;
#122 = STYLED_ITEM ( 'NONE', ( #1812 ), #1574 ) ;
#123 = CIRCLE ( 'NONE', #346, 0.6499999999999999112 ) ;
#124 = ORIENTED_EDGE ( 'NONE', *, *, #1691, .T. ) ;
#125 = AXIS2_PLACEMENT_3D ( 'NONE', #1085, #1352, #677 ) ;
#126 = DIRECTION ( 'NONE',  ( 0.000000000000000000, 1.000000000000000000, 0.000000000000000000 ) ) ;
#127 = CARTESIAN_POINT ( 'NONE',  ( 1.430263821016529491, 1.528203907994290622, 4.149963835247838517 ) ) ;
#128 = ORIENTED_EDGE ( 'NONE', *, *, #1264, .T. ) ;
#129 = CARTESIAN_POINT ( 'NONE',  ( 1.757299177167103599, 2.640381697545099104, 4.176068797733454296 ) ) ;
#130 = ORIENTED_EDGE ( 'NONE', *, *, #1346, .T. ) ;
#131 = CARTESIAN_POINT ( 'NONE',  ( 1.276801520796075451, 2.219010418857656930, 2.745549942392415232 ) ) ;
#132 = CARTESIAN_POINT ( 'NONE',  ( 1.231716592146266276, 2.209843275301411669, 2.144495635736262784 ) ) ;
#133 = CARTESIAN_POINT ( 'NONE',  ( 1.418491318739938167, 2.512427058969558757, 1.719963835247838357 ) ) ;
#134 = VERTEX_POINT ( 'NONE', #2338 ) ;
#135 = DIRECTION ( 'NONE',  ( 0.000000000000000000, 1.047444401652940007E-14, -1.000000000000000000 ) ) ;
#136 = ORIENTED_EDGE ( 'NONE', *, *, #2604, .F. ) ;
#137 = CARTESIAN_POINT ( 'NONE',  ( 1.430263821016529713, 2.528203907994290844, 1.719963835247838357 ) ) ;
#138 = FACE_BOUND ( 'NONE', #182, .T. ) ;
#139 = ORIENTED_EDGE ( 'NONE', *, *, #1264, .F. ) ;
#140 = FACE_OUTER_BOUND ( 'NONE', #2045, .T. ) ;
#141 = ORIENTED_EDGE ( 'NONE', *, *, #1826, .T. ) ;
#142 = FACE_OUTER_BOUND ( 'NONE', #1868, .T. ) ;
#143 = EDGE_CURVE ( 'NONE', #1073, #697, #2001, .T. ) ;
#144 = CARTESIAN_POINT ( 'NONE',  ( 1.170941012017612248, 2.756022901768623967, 4.204393062541723403 ) ) ;
#145 = CARTESIAN_POINT ( 'NONE',  ( 1.430263821016529491, 1.768203907994290391, 2.829963835247838233 ) ) ;
#146 = AXIS2_PLACEMENT_3D ( 'NONE', #1620, #1236, #2107 ) ;
#147 = FACE_OUTER_BOUND ( 'NONE', #429, .T. ) ;
#148 = EDGE_CURVE ( 'NONE', #1007, #1903, #1736, .T. ) ;
#149 = EDGE_LOOP ( 'NONE', ( #820, #419 ) ) ;
#150 = CARTESIAN_POINT ( 'NONE',  ( 1.430263821016529491, 1.528203907994290622, 3.489963835247838375 ) ) ;
#151 = DIRECTION ( 'NONE',  ( -1.000000000000000000, 0.000000000000000000, 0.000000000000000000 ) ) ;
#152 = VERTEX_POINT ( 'NONE', #2421 ) ;
#153 = CARTESIAN_POINT ( 'NONE',  ( 1.658515174961999294, 2.787875585981213877, 4.215071715999306079 ) ) ;
#154 = EDGE_CURVE ( 'NONE', #1033, #1036, #2584, .T. ) ;
#155 = ORIENTED_EDGE ( 'NONE', *, *, #2725, .F. ) ;
#156 = DIRECTION ( 'NONE',  ( -0.000000000000000000, -1.000000000000000000, 0.000000000000000000 ) ) ;
#157 = AXIS2_PLACEMENT_3D ( 'NONE', #1901, #2562, #210 ) ;
#158 = AXIS2_PLACEMENT_3D ( 'NONE', #2756, #1730, #2588 ) ;
#159 = CARTESIAN_POINT ( 'NONE',  ( 1.201241954951440372, 2.230257666154008334, 2.149228329333269460 ) ) ;
#160 = DIRECTION ( 'NONE',  ( -0.2808593899271646377, 0.000000000000000000, -0.9597489271104922004 ) ) ;
#161 = CARTESIAN_POINT ( 'NONE',  ( 1.430263821016529491, 2.028203907994290844, 3.489963835247838375 ) ) ;
#162 = ORIENTED_EDGE ( 'NONE', *, *, #1564, .F. ) ;
#163 = VECTOR ( 'NONE', #2339, 39.37007874015748143 ) ;
#164 = CARTESIAN_POINT ( 'NONE',  ( 1.244896623664601965, 3.528203907994290844, 2.856529543354913159 ) ) ;
#165 = DIRECTION ( 'NONE',  ( 0.000000000000000000, 1.047444401652940007E-14, -1.000000000000000000 ) ) ;
#166 = EDGE_LOOP ( 'NONE', ( #2271, #2243, #2433 ) ) ;
#167 = FACE_OUTER_BOUND ( 'NONE', #1601, .T. ) ;
#168 = AXIS2_PLACEMENT_3D ( 'NONE', #2682, #751, #1839 ) ;
#169 = PLANE ( 'NONE',  #157 ) ;
#170 = CIRCLE ( 'NONE', #887, 0.7600000000000001199 ) ;
#171 = CARTESIAN_POINT ( 'NONE',  ( 1.430263821016521719, 2.653203907994234889, 5.749963835247867472 ) ) ;
#172 = ADVANCED_FACE ( 'NONE', ( #267 ), #1308, .T. ) ;
#173 = LENGTH_MEASURE_WITH_UNIT ( LENGTH_MEASURE( 0.02539999999999999897 ), #1862 );
#174 = CARTESIAN_POINT ( 'NONE',  ( 1.202190527829495093, 2.788021720375879919, 4.215126035035146934 ) ) ;
#175 = CARTESIAN_POINT ( 'NONE',  ( 1.407475148386766906, 2.872641326593149191, 4.249707942012006079 ) ) ;
#176 = DIRECTION ( 'NONE',  ( -0.000000000000000000, -1.000000000000000000, 0.000000000000000000 ) ) ;
#177 = ORIENTED_EDGE ( 'NONE', *, *, #89, .F. ) ;
#178 = B_SPLINE_CURVE_WITH_KNOTS ( 'NONE', 3,
 ( #2566, #2383, #616, #888, #452, #9, #2793, #2552, #1535, #1502, #1311, #1472, #1904, #1919, #2370, #1083, #1947, #439, #1070, #1754, #870, #627, #857, #662 ),
 .UNSPECIFIED., .F., .F.,
 ( 4, 2, 2, 2, 2, 2, 2, 2, 2, 2, 2, 4 ),
 ( 0.01389525779683674009, 0.01476307749690795694, 0.01563089719697917379, 0.01649871689705038891, 0.01736653659712160749, 0.01910217599726406548, 0.02083781539740653388, 0.02257345479754899187, 0.02344127449762023474, 0.02430909419769147067, 0.02604473359783392172, 0.02778037299797635196 ),
 .UNSPECIFIED. ) ;
#179 = CARTESIAN_POINT ( 'NONE',  ( 1.729208050904878391, 2.354554806228058350, 2.791099073528410468 ) ) ;
#180 = EDGE_CURVE ( 'NONE', #2344, #1894, #1780, .T. ) ;
#181 = DIRECTION ( 'NONE',  ( 0.000000000000000000, 1.000000000000000000, 1.047444401652940007E-14 ) ) ;
#182 = EDGE_LOOP ( 'NONE', ( #1882, #2040 ) ) ;
#183 = DIRECTION ( 'NONE',  ( 0.000000000000000000, 0.000000000000000000, 1.000000000000000000 ) ) ;
#184 = CARTESIAN_POINT ( 'NONE',  ( 1.430263821016529047, 2.528203907994290844, 1.719963835247838357 ) ) ;
#185 = CARTESIAN_POINT ( 'NONE',  ( 1.430263821016529491, 2.028203907994290844, 3.489963835247838375 ) ) ;
#186 = ORIENTED_EDGE ( 'NONE', *, *, #1398, .F. ) ;
#187 = EDGE_CURVE ( 'NONE', #365, #714, #1369, .T. ) ;
#188 = CYLINDRICAL_SURFACE ( 'NONE', #2063, 0.6600000000000004752 ) ;
#189 = CARTESIAN_POINT ( 'NONE',  ( 1.256174278645632914, 2.229510655076130110, 4.230004674614032290 ) ) ;
#190 = DIRECTION ( 'NONE',  ( 0.000000000000000000, 0.000000000000000000, -1.000000000000000000 ) ) ;
#191 = ORIENTED_EDGE ( 'NONE', *, *, #2182, .F. ) ;
#192 = CARTESIAN_POINT ( 'NONE',  ( 1.744224270516193220, 2.671666730043170457, 4.182099567658720929 ) ) ;
#193 = CARTESIAN_POINT ( 'NONE',  ( 1.430263821016529491, 1.528203907994290622, 3.489963835247838375 ) ) ;
#194 = ORIENTED_EDGE ( 'NONE', *, *, #2750, .T. ) ;
#195 = CARTESIAN_POINT ( 'NONE',  ( 1.307327372775681562, 2.850755229710045580, 2.739898023631511137 ) ) ;
#196 = EDGE_CURVE ( 'NONE', #1160, #2488, #1596, .T. ) ;
#197 = DIRECTION ( 'NONE',  ( 0.000000000000000000, 0.000000000000000000, -1.000000000000000000 ) ) ;
#198 = CARTESIAN_POINT ( 'NONE',  ( 1.551289085419701452, 2.883352366127811095, 2.135307644225889145 ) ) ;
#199 = EDGE_LOOP ( 'NONE', ( #1800, #2181, #1660, #1667 ) ) ;
#200 = CARTESIAN_POINT ( 'NONE',  ( 1.686863198702027500, 2.801939791569675986, 4.825566492161821763 ) ) ;
#201 = CARTESIAN_POINT ( 'NONE',  ( 1.418822866721935139, 2.183203907994290649, 4.249963835247836386 ) ) ;
#202 = FACE_OUTER_BOUND ( 'NONE', #593, .T. ) ;
#203 = ORIENTED_EDGE ( 'NONE', *, *, #204, .T. ) ;
#204 = EDGE_CURVE ( 'NONE', #1191, #227, #1347, .T. ) ;
#205 = CARTESIAN_POINT ( 'NONE',  ( 1.763908979656886533, 2.618864425215834846, 4.172829933978161598 ) ) ;
#206 = CARTESIAN_POINT ( 'NONE',  ( 1.729185637791461838, 2.354496906459660366, 4.188840139887884284 ) ) ;
#207 = ORIENTED_EDGE ( 'NONE', *, *, #1105, .F. ) ;
#208 = CYLINDRICAL_SURFACE ( 'NONE', #783, 0.1249999999999999029 ) ;
#209 = AXIS2_PLACEMENT_3D ( 'NONE', #1777, #2017, #1998 ) ;
#210 = DIRECTION ( 'NONE',  ( -0.2808593899271646932, 0.000000000000000000, -0.9597489271104920894 ) ) ;
#211 = CARTESIAN_POINT ( 'NONE',  ( 1.430263821016529491, 2.528203907994290844, 5.449963835247838340 ) ) ;
#212 =( GEOMETRIC_REPRESENTATION_CONTEXT ( 3 ) GLOBAL_UNCERTAINTY_ASSIGNED_CONTEXT ( ( #338 ) ) GLOBAL_UNIT_ASSIGNED_CONTEXT ( ( #2710, #2458, #548 ) ) REPRESENTATION_CONTEXT ( 'NONE', 'WORKASPACE' ) );
#213 = ORIENTED_EDGE ( 'NONE', *, *, #2486, .T. ) ;
#214 = CIRCLE ( 'NONE', #2779, 0.01968503937007848661 ) ;
#215 = CARTESIAN_POINT ( 'NONE',  ( 1.430263821016521719, 2.278203907994257538, 3.599963835247863564 ) ) ;
#216 = CARTESIAN_POINT ( 'NONE',  ( 1.430263821016525272, 2.183203907994238691, 4.249963835247862143 ) ) ;
#217 = CARTESIAN_POINT ( 'NONE',  ( 1.763949289844607859, 2.618786335147483602, 2.807117169927863198 ) ) ;
#218 = ORIENTED_EDGE ( 'NONE', *, *, #584, .T. ) ;
#219 = ADVANCED_FACE ( 'NONE', ( #1751 ), #1763, .T. ) ;
#220 = DIRECTION ( 'NONE',  ( -1.000000000000000000, 0.000000000000000000, 0.000000000000000000 ) ) ;
#221 = CARTESIAN_POINT ( 'NONE',  ( 1.075113279714515757, 2.649225971834446636, 2.177149280755374949 ) ) ;
#222 = ORIENTED_EDGE ( 'NONE', *, *, #666, .T. ) ;
#223 = FACE_OUTER_BOUND ( 'NONE', #1279, .T. ) ;
#224 = CARTESIAN_POINT ( 'NONE',  ( 1.430263821016529491, 2.183203907994290649, 2.729963835247838144 ) ) ;
#225 = DIRECTION ( 'NONE',  ( 1.000000000000000000, 0.000000000000000000, 0.000000000000000000 ) ) ;
#226 = CARTESIAN_POINT ( 'NONE',  ( 1.318051311026496863, 2.855220474112587059, 4.241930062334851037 ) ) ;
#227 = VERTEX_POINT ( 'NONE', #238 ) ;
#228 = DIRECTION ( 'NONE',  ( 0.000000000000000000, 1.047444401652940007E-14, -1.000000000000000000 ) ) ;
#229 = ADVANCED_FACE ( 'NONE', ( #2620, #1997 ), #1776, .F. ) ;
#230 = CARTESIAN_POINT ( 'NONE',  ( 1.219080084893798599, 2.254477296757851246, 4.220285026430166120 ) ) ;
#231 = CARTESIAN_POINT ( 'NONE',  ( 1.613552573852325089, 2.820700071573371659, 2.752334994140327673 ) ) ;
#232 = VERTEX_POINT ( 'NONE', #1093 ) ;
#233 = EDGE_CURVE ( 'NONE', #913, #1698, #2054, .T. ) ;
#234 = CARTESIAN_POINT ( 'NONE',  ( 1.722904457947507462, 2.711262807194163127, 2.788532155349395136 ) ) ;
#235 = CARTESIAN_POINT ( 'NONE',  ( 1.430263821016529491, 3.028203907994290844, 4.249963835247838162 ) ) ;
#236 = ORIENTED_EDGE ( 'NONE', *, *, #2187, .F. ) ;
#237 = CYLINDRICAL_SURFACE ( 'NONE', #1956, 0.7600000000000001199 ) ;
#238 = CARTESIAN_POINT ( 'NONE',  ( 1.430263821016529047, 1.878203907994290933, 1.529963835247838411 ) ) ;
#239 = CARTESIAN_POINT ( 'NONE',  ( 1.430263821016521719, 2.778203907994254873, 3.799963835247869071 ) ) ;
#240 = CARTESIAN_POINT ( 'NONE',  ( 1.775263821016529464, 2.528203907994290844, 4.167145494775028602 ) ) ;
#241 = VERTEX_POINT ( 'NONE', #2632 ) ;
#242 = EDGE_CURVE ( 'NONE', #2158, #2493, #2205, .T. ) ;
#243 = CARTESIAN_POINT ( 'NONE',  ( 1.430263821016521719, 2.528203907994257538, 3.599963835247866228 ) ) ;
#244 = CARTESIAN_POINT ( 'NONE',  ( 1.276058123984266546, 2.837649387504676657, 2.745471410001128820 ) ) ;
#245 = AXIS2_PLACEMENT_3D ( 'NONE', #60, #1570, #484 ) ;
#246 = DIRECTION ( 'NONE',  ( 0.000000000000000000, 1.047444401652940007E-14, -1.000000000000000000 ) ) ;
#247 = ORIENTED_EDGE ( 'NONE', *, *, #242, .F. ) ;
#248 = FACE_OUTER_BOUND ( 'NONE', #523, .T. ) ;
#249 = ORIENTED_EDGE ( 'NONE', *, *, #584, .F. ) ;
#250 = CARTESIAN_POINT ( 'NONE',  ( 1.430263821016530601, 3.528203907994290844, 3.489963835247838375 ) ) ;
#251 = DIRECTION ( 'NONE',  ( 0.000000000000000000, 1.000000000000000000, -0.000000000000000000 ) ) ;
#252 = DIRECTION ( 'NONE',  ( 0.000000000000000000, 1.047444401652940007E-14, -1.000000000000000000 ) ) ;
#253 = CARTESIAN_POINT ( 'NONE',  ( 1.475793307139668054, 2.185461207586179011, 4.248931176065672055 ) ) ;
#254 = ORIENTED_EDGE ( 'NONE', *, *, #67, .T. ) ;
#255 = CIRCLE ( 'NONE', #649, 0.01968503937007848661 ) ;
#256 = AXIS2_PLACEMENT_3D ( 'NONE', #573, #1879, #2736 ) ;
#257 = LINE ( 'NONE', #746, #2727 ) ;
#258 = AXIS2_PLACEMENT_3D ( 'NONE', #1396, #2023, #1407 ) ;
#259 = DIRECTION ( 'NONE',  ( -0.5980431156508589918, -0.8014639304563950795, 0.000000000000000000 ) ) ;
#260 = CARTESIAN_POINT ( 'NONE',  ( 1.520990606968718017, 2.861833370159015733, 2.735068229790223349 ) ) ;
#261 = ORIENTED_EDGE ( 'NONE', *, *, #233, .T. ) ;
#262 = CARTESIAN_POINT ( 'NONE',  ( 1.453364756869089280, 2.873203907994291040, 2.729963835247838144 ) ) ;
#263 = DIRECTION ( 'NONE',  ( -0.000000000000000000, -1.000000000000000000, -0.000000000000000000 ) ) ;
#264 = ORIENTED_EDGE ( 'NONE', *, *, #2012, .T. ) ;
#265 = CARTESIAN_POINT ( 'NONE',  ( 1.729208050904878391, 2.354554806228058350, 2.791099073528410468 ) ) ;
#266 = EDGE_CURVE ( 'NONE', #110, #2540, #1281, .T. ) ;
#267 = FACE_OUTER_BOUND ( 'NONE', #1526, .T. ) ;
#268 = FACE_OUTER_BOUND ( 'NONE', #957, .T. ) ;
#269 = FACE_OUTER_BOUND ( 'NONE', #1710, .T. ) ;
#270 = CARTESIAN_POINT ( 'NONE',  ( 1.454820880480104162, 2.153804709333481782, 2.130129876664900390 ) ) ;
#271 = ADVANCED_FACE ( 'NONE', ( #1626 ), #797, .T. ) ;
#272 = LINE ( 'NONE', #915, #1866 ) ;
#273 = CARTESIAN_POINT ( 'NONE',  ( 1.430263821016529491, 2.028203907994290844, 3.489963835247838375 ) ) ;
#274 = ORIENTED_EDGE ( 'NONE', *, *, #724, .F. ) ;
#275 = ADVANCED_FACE ( 'NONE', ( #2282, #107 ), #1842, .F. ) ;
#276 = DIRECTION ( 'NONE',  ( -0.000000000000000000, -1.000000000000000000, -0.000000000000000000 ) ) ;
#277 = EDGE_LOOP ( 'NONE', ( #2733, #728 ) ) ;
#278 = DIRECTION ( 'NONE',  ( 0.000000000000000000, 1.047444401652940007E-14, -1.000000000000000000 ) ) ;
#279 = DIRECTION ( 'NONE',  ( 0.000000000000000000, 0.000000000000000000, 1.000000000000000000 ) ) ;
#280 = CARTESIAN_POINT ( 'NONE',  ( 1.430263821016529491, 2.528203907994290844, 2.129963835247838499 ) ) ;
#281 = DIRECTION ( 'NONE',  ( 0.000000000000000000, -1.000000000000000000, 0.000000000000000000 ) ) ;
#282 = CARTESIAN_POINT ( 'NONE',  ( 1.491780612231617509, 2.158078685197604596, 2.131301900108594882 ) ) ;
#283 = CARTESIAN_POINT ( 'NONE',  ( 1.430263821016530601, 3.028203907994290844, 3.489963835247838375 ) ) ;
#284 = CYLINDRICAL_SURFACE ( 'NONE', #478, 1.375000000000000000 ) ;
#285 = ORIENTED_EDGE ( 'NONE', *, *, #2068, .F. ) ;
#286 = ORIENTED_EDGE ( 'NONE', *, *, #447, .F. ) ;
#287 = DIRECTION ( 'NONE',  ( -0.000000000000000000, -0.000000000000000000, -1.000000000000000000 ) ) ;
#288 = EDGE_CURVE ( 'NONE', #2336, #2099, #1908, .T. ) ;
#289 = AXIS2_PLACEMENT_3D ( 'NONE', #942, #1808, #2663 ) ;
#290 = DIRECTION ( 'NONE',  ( -0.2808593899271646932, 0.000000000000000000, -0.9597489271104920894 ) ) ;
#291 = DIRECTION ( 'NONE',  ( 0.000000000000000000, 0.000000000000000000, -1.000000000000000000 ) ) ;
#292 = ORIENTED_EDGE ( 'NONE', *, *, #2579, .F. ) ;
#293 = CARTESIAN_POINT ( 'NONE',  ( 1.085263821016529517, 2.528203907994290844, 2.812782175720647260 ) ) ;
#294 = DIRECTION ( 'NONE',  ( 0.000000000000000000, -1.000000000000000000, 0.000000000000000000 ) ) ;
#295 = CIRCLE ( 'NONE', #2105, 0.2499999999999998057 ) ;
#296 = AXIS2_PLACEMENT_3D ( 'NONE', #2628, #1089, #919 ) ;
#297 = AXIS2_PLACEMENT_3D ( 'NONE', #488, #2650, #1380 ) ;
#298 = LINE ( 'NONE', #1979, #1547 ) ;
#299 = EDGE_CURVE ( 'NONE', #1058, #1436, #2671, .T. ) ;
#300 = CYLINDRICAL_SURFACE ( 'NONE', #975, 0.6499999999999999112 ) ;
#301 = EDGE_LOOP ( 'NONE', ( #1670, #1086 ) ) ;
#302 = VECTOR ( 'NONE', #832, 39.37007874015748143 ) ;
#303 = AXIS2_PLACEMENT_3D ( 'NONE', #2373, #2414, #1537 ) ;
#304 = DIRECTION ( 'NONE',  ( 0.000000000000000000, 0.000000000000000000, -1.000000000000000000 ) ) ;
#305 = EDGE_CURVE ( 'NONE', #2296, #824, #641, .T. ) ;
#306 = EDGE_LOOP ( 'NONE', ( #130, #1219, #990, #1200, #580 ) ) ;
#307 = CYLINDRICAL_SURFACE ( 'NONE', #420, 0.2500000000000000555 ) ;
#308 = DIRECTION ( 'NONE',  ( 0.000000000000000000, 1.000000000000000000, -0.000000000000000000 ) ) ;
#309 = VERTEX_POINT ( 'NONE', #2489 ) ;
#310 = CARTESIAN_POINT ( 'NONE',  ( 1.430263821016530601, 3.028203907994290844, 3.489963835247838375 ) ) ;
#311 = CARTESIAN_POINT ( 'NONE',  ( 1.658755156511394269, 2.825805854255792671, 4.830666735314911087 ) ) ;
#312 = CARTESIAN_POINT ( 'NONE',  ( 1.132845603968440473, 2.756933182021871875, 4.817068071469828183 ) ) ;
#313 = EDGE_CURVE ( 'NONE', #1749, #2072, #566, .T. ) ;
#314 = CARTESIAN_POINT ( 'NONE',  ( 1.744264615818489128, 2.671575580326937427, 2.797846524884552988 ) ) ;
#315 = DIRECTION ( 'NONE',  ( 0.000000000000000000, 0.000000000000000000, 1.000000000000000000 ) ) ;
#316 = EDGE_LOOP ( 'NONE', ( #451, #2403 ) ) ;
#317 = EDGE_CURVE ( 'NONE', #634, #555, #1363, .T. ) ;
#318 = DIRECTION ( 'NONE',  ( -0.2808593899271647487, 0.000000000000000000, -0.9597489271104922004 ) ) ;
#319 = VERTEX_POINT ( 'NONE', #1206 ) ;
#320 = ADVANCED_FACE ( 'NONE', ( #2462 ), #1426, .F. ) ;
#321 = CARTESIAN_POINT ( 'NONE',  ( 1.085263821016529517, 2.528203907994290844, 2.129963835247838499 ) ) ;
#322 = CARTESIAN_POINT ( 'NONE',  ( 1.055263821016529491, 2.528203907994290844, 4.797241541016585842 ) ) ;
#323 = ORIENTED_EDGE ( 'NONE', *, *, #2261, .F. ) ;
#324 = CARTESIAN_POINT ( 'NONE',  ( 1.604290841350477059, 2.826931278686013016, 4.230018776334691033 ) ) ;
#325 = LINE ( 'NONE', #1180, #788 ) ;
#326 = EDGE_CURVE ( 'NONE', #946, #1644, #2043, .T. ) ;
#327 = APPLICATION_PROTOCOL_DEFINITION ( 'draft international standard', 'automotive_design', 1998, #2122 ) ;
#328 = DIRECTION ( 'NONE',  ( 0.000000000000000000, 0.000000000000000000, 1.000000000000000000 ) ) ;
#329 = CARTESIAN_POINT ( 'NONE',  ( 1.430263821016529713, 2.528203907994290844, 3.326184284066735941 ) ) ;
#330 = ORIENTED_EDGE ( 'NONE', *, *, #1588, .F. ) ;
#331 = FILL_AREA_STYLE_COLOUR ( '', #1745 ) ;
#332 = VERTEX_POINT ( 'NONE', #2076 ) ;
#333 = DIRECTION ( 'NONE',  ( 0.000000000000000000, 1.000000000000000000, -0.000000000000000000 ) ) ;
#334 = AXIS2_PLACEMENT_3D ( 'NONE', #2531, #1429, #812 ) ;
#335 = LINE ( 'NONE', #538, #2684 ) ;
#336 = ORIENTED_EDGE ( 'NONE', *, *, #1064, .F. ) ;
#337 = LINE ( 'NONE', #1928, #1910 ) ;
#338 = UNCERTAINTY_MEASURE_WITH_UNIT (LENGTH_MEASURE( 1.000000000000000082E-05 ), #2710, 'distance_accuracy_value', 'NONE');
#339 = VERTEX_POINT ( 'NONE', #1389 ) ;
#340 = DIRECTION ( 'NONE',  ( -0.000000000000000000, -0.000000000000000000, 1.000000000000000000 ) ) ;
#341 = CARTESIAN_POINT ( 'NONE',  ( 1.242310819691110568, 2.203472427092509456, 2.142969513733723019 ) ) ;
#342 = DIRECTION ( 'NONE',  ( 1.000000000000000000, 0.000000000000000000, 0.000000000000000000 ) ) ;
#343 = ORIENTED_EDGE ( 'NONE', *, *, #326, .T. ) ;
#344 = AXIS2_PLACEMENT_3D ( 'NONE', #1518, #597, #225 ) ;
#345 = AXIS2_PLACEMENT_3D ( 'NONE', #906, #2428, #2655 ) ;
#346 = AXIS2_PLACEMENT_3D ( 'NONE', #792, #2748, #2694 ) ;
#347 = CARTESIAN_POINT ( 'NONE',  ( 1.430263821016529047, 2.668203907994290969, 1.719963835247838357 ) ) ;
#348 = ORIENTED_EDGE ( 'NONE', *, *, #971, .T. ) ;
#349 = AXIS2_PLACEMENT_3D ( 'NONE', #1546, #2020, #1152 ) ;
#350 = CARTESIAN_POINT ( 'NONE',  ( 1.430263821016529713, 2.528203907994290844, 3.326184284066735941 ) ) ;
#351 = VERTEX_POINT ( 'NONE', #991 ) ;
#352 = DIRECTION ( 'NONE',  ( 0.000000000000000000, 0.000000000000000000, -1.000000000000000000 ) ) ;
#353 = ADVANCED_FACE ( 'NONE', ( #978 ), #2713, .F. ) ;
#354 = DIRECTION ( 'NONE',  ( -1.000000000000000000, 0.000000000000000000, 0.000000000000000000 ) ) ;
#355 = CARTESIAN_POINT ( 'NONE',  ( 1.430263821016529713, 2.528203907994290844, -36.00979896775277922 ) ) ;
#356 = ADVANCED_FACE ( 'NONE', ( #537 ), #307, .F. ) ;
#357 = DIRECTION ( 'NONE',  ( 0.000000000000000000, 0.000000000000000000, 1.000000000000000000 ) ) ;
#358 = CARTESIAN_POINT ( 'NONE',  ( 1.137674793147362529, 2.711345080521166739, 4.191417049168803644 ) ) ;
#359 = EDGE_LOOP ( 'NONE', ( #1254, #773, #615, #604, #630 ) ) ;
#360 = EDGE_CURVE ( 'NONE', #555, #634, #1726, .T. ) ;
#361 = DIRECTION ( 'NONE',  ( 0.000000000000000000, 0.000000000000000000, 1.000000000000000000 ) ) ;
#362 = DIRECTION ( 'NONE',  ( 0.000000000000000000, 0.000000000000000000, 1.000000000000000000 ) ) ;
#363 = EDGE_LOOP ( 'NONE', ( #1950, #139 ) ) ;
#364 = DIRECTION ( 'NONE',  ( 0.000000000000000000, 1.000000000000000000, 0.000000000000000000 ) ) ;
#365 = VERTEX_POINT ( 'NONE', #1830 ) ;
#366 = CARTESIAN_POINT ( 'NONE',  ( 1.430263821016529491, 1.768203907994290391, 4.149963835247838517 ) ) ;
#367 = CARTESIAN_POINT ( 'NONE',  ( 1.276518924422641810, 2.837871453412599276, 4.234549196941898686 ) ) ;
#368 = CARTESIAN_POINT ( 'NONE',  ( 1.178518118686392890, 2.764368113648512093, 4.207106437611338734 ) ) ;
#369 = CARTESIAN_POINT ( 'NONE',  ( 1.770740571864285462, 2.585055681811380346, 2.810492001951150343 ) ) ;
#370 = ORIENTED_EDGE ( 'NONE', *, *, #716, .F. ) ;
#371 = CARTESIAN_POINT ( 'NONE',  ( 1.430263821016529491, 2.873203907994290596, 4.249963835247838162 ) ) ;
#372 = EDGE_CURVE ( 'NONE', #863, #1538, #2761, .T. ) ;
#373 = DIRECTION ( 'NONE',  ( -0.000000000000000000, -1.000000000000000000, -0.000000000000000000 ) ) ;
#374 = VERTEX_POINT ( 'NONE', #1270 ) ;
#375 = DIRECTION ( 'NONE',  ( 0.000000000000000000, 1.047444401652940007E-14, -1.000000000000000000 ) ) ;
#376 = CIRCLE ( 'NONE', #869, 0.1249999999999999029 ) ;
#377 = AXIS2_PLACEMENT_3D ( 'NONE', #250, #1582, #1345 ) ;
#378 = FACE_OUTER_BOUND ( 'NONE', #1569, .T. ) ;
#379 = CARTESIAN_POINT ( 'NONE',  ( 1.430263821016529491, 2.183203907994290649, 2.729963835247838144 ) ) ;
#380 = VECTOR ( 'NONE', #93, 39.37007874015748143 ) ;
#381 = SURFACE_STYLE_FILL_AREA ( #2263 ) ;
#382 = CARTESIAN_POINT ( 'NONE',  ( 1.156496413473043994, 2.271638189195674062, 2.157774220829335121 ) ) ;
#383 = LINE ( 'NONE', #2110, #2461 ) ;
#384 = CARTESIAN_POINT ( 'NONE',  ( 1.430263821016529491, 3.028203907994290844, 3.489963835247838375 ) ) ;
#385 = EDGE_LOOP ( 'NONE', ( #1617, #2723 ) ) ;
#386 = AXIS2_PLACEMENT_3D ( 'NONE', #2422, #291, #91 ) ;
#387 = AXIS2_PLACEMENT_3D ( 'NONE', #2555, #819, #1475 ) ;
#388 = CARTESIAN_POINT ( 'NONE',  ( 1.770701442293354688, 2.471131058168614558, 2.810472426700901583 ) ) ;
#389 = CARTESIAN_POINT ( 'NONE',  ( 1.689497117162092055, 2.300283846977182911, 4.204425471037530393 ) ) ;
#390 = ORIENTED_EDGE ( 'NONE', *, *, #288, .F. ) ;
#391 = CARTESIAN_POINT ( 'NONE',  ( 1.085263821016529517, 2.528203907994290844, 5.749963835247865696 ) ) ;
#392 = AXIS2_PLACEMENT_3D ( 'NONE', #1865, #2367, #160 ) ;
#393 = CARTESIAN_POINT ( 'NONE',  ( 1.202165998399016278, 2.268416127625705769, 2.764810990011959291 ) ) ;
#394 = CARTESIAN_POINT ( 'NONE',  ( 1.649043498148255349, 2.833015748727549799, 2.147636977799062485 ) ) ;
#395 = VERTEX_POINT ( 'NONE', #164 ) ;
#396 = CARTESIAN_POINT ( 'NONE',  ( 1.339602434198062131, 2.861861293922594474, 4.244871709271633264 ) ) ;
#397 = CARTESIAN_POINT ( 'NONE',  ( 1.757292258883285774, 2.640387432102410337, 2.803856057570374372 ) ) ;
#398 = EDGE_LOOP ( 'NONE', ( #2278, #2103, #2303, #974, #1804, #2599, #2629, #191, #1729, #920 ) ) ;
#399 = EDGE_CURVE ( 'NONE', #332, #2374, #861, .T. ) ;
#400 = CARTESIAN_POINT ( 'NONE',  ( 1.430263821016529713, 2.528203907994290844, 2.701774835247837903 ) ) ;
#401 = CARTESIAN_POINT ( 'NONE',  ( 1.430263821016529491, 2.903203907994290844, 2.129963835247838499 ) ) ;
#402 = EDGE_LOOP ( 'NONE', ( #18, #1414 ) ) ;
#403 = DIRECTION ( 'NONE',  ( 0.000000000000000000, 1.000000000000000000, 8.741913579725648610E-15 ) ) ;
#404 = DIRECTION ( 'NONE',  ( 0.000000000000000000, 0.000000000000000000, 1.000000000000000000 ) ) ;
#405 = CARTESIAN_POINT ( 'NONE',  ( 1.430263821016529713, 2.028203907994290844, 4.849963835247837807 ) ) ;
#406 = ORIENTED_EDGE ( 'NONE', *, *, #2440, .T. ) ;
#407 = CARTESIAN_POINT ( 'NONE',  ( 1.430263821016521719, 2.653203907994255317, 3.799963835247867294 ) ) ;
#408 = EDGE_CURVE ( 'NONE', #241, #1817, #104, .T. ) ;
#409 = B_SPLINE_CURVE_WITH_KNOTS ( 'NONE', 3,
 ( #940, #688, #51, #1548, #1166, #1795, #2411, #2662, #2033, #2251, #2209, #66, #96, #1779, #730, #2004, #952, #1977, #1155, #282, #717, #270, #1820, #1989 ),
 .UNSPECIFIED., .F., .F.,
 ( 4, 2, 2, 2, 2, 2, 2, 2, 2, 2, 2, 4 ),
 ( 0.01496672164619708076, 0.01683652155128721739, 0.01870632145637735402, 0.01964122140892241020, 0.02057612136146746290, 0.02151102131401251560, 0.02244592126655756831, 0.02431572117164769453, 0.02618552107673781382, 0.02805532098182793657, 0.02899022093437299968, 0.02992512088691806280 ),
 .UNSPECIFIED. ) ;
#410 = CARTESIAN_POINT ( 'NONE',  ( 1.775263821016530130, 2.516817606719929046, 2.812782175720649036 ) ) ;
#411 = CARTESIAN_POINT ( 'NONE',  ( 1.430263821016521719, 1.878203907994231869, 6.049963835247860189 ) ) ;
#412 = ORIENTED_EDGE ( 'NONE', *, *, #1821, .F. ) ;
#413 = CARTESIAN_POINT ( 'NONE',  ( 1.775263821016530130, 2.516817606719929046, 2.812782175720649036 ) ) ;
#414 = DIRECTION ( 'NONE',  ( 0.000000000000000000, 0.000000000000000000, 1.000000000000000000 ) ) ;
#415 = ORIENTED_EDGE ( 'NONE', *, *, #689, .F. ) ;
#416 = CARTESIAN_POINT ( 'NONE',  ( 1.085263821016529073, 2.551086064841793899, 2.812782175720647260 ) ) ;
#417 = FACE_OUTER_BOUND ( 'NONE', #1009, .T. ) ;
#418 = CARTESIAN_POINT ( 'NONE',  ( 1.597030943125119506, 2.864979158953314453, 2.140034476806476071 ) ) ;
#419 = ORIENTED_EDGE ( 'NONE', *, *, #971, .F. ) ;
#420 = AXIS2_PLACEMENT_3D ( 'NONE', #509, #1175, #782 ) ;
#421 = CARTESIAN_POINT ( 'NONE',  ( 1.430263821016529491, 2.028203907994290844, 2.729963835247838144 ) ) ;
#422 = AXIS2_PLACEMENT_3D ( 'NONE', #1656, #90, #2269 ) ;
#423 = CARTESIAN_POINT ( 'NONE',  ( 1.350987529923450170, 2.864164398261203281, 2.734027053199813206 ) ) ;
#424 = LINE ( 'NONE', #1435, #2548 ) ;
#425 = AXIS2_PLACEMENT_3D ( 'NONE', #2092, #156, #2533 ) ;
#426 = ORIENTED_EDGE ( 'NONE', *, *, #1909, .F. ) ;
#427 = CARTESIAN_POINT ( 'NONE',  ( 1.584257594570728678, 2.219274287123526257, 2.745659648588082646 ) ) ;
#428 = CARTESIAN_POINT ( 'NONE',  ( 1.173585570705913739, 2.801862589422960070, 2.154376684954265819 ) ) ;
#429 = EDGE_LOOP ( 'NONE', ( #1851, #2266, #2654, #218 ) ) ;
#430 = CARTESIAN_POINT ( 'NONE',  ( 1.097067560544470632, 2.618398121733629846, 2.806886990670915960 ) ) ;
#431 = AXIS2_PLACEMENT_3D ( 'NONE', #2542, #1912, #2770 ) ;
#432 = CIRCLE ( 'NONE', #2010, 0.1400000000000001521 ) ;
#433 = CARTESIAN_POINT ( 'NONE',  ( 1.407474000650988266, 2.183203907994291093, 2.729963835247838588 ) ) ;
#434 = PLANE ( 'NONE',  #1374 ) ;
#435 = AXIS2_PLACEMENT_3D ( 'NONE', #2474, #1624, #318 ) ;
#436 = DIRECTION ( 'NONE',  ( 0.000000000000000000, 1.047444401652940007E-14, -1.000000000000000000 ) ) ;
#437 = EDGE_LOOP ( 'NONE', ( #2164, #693, #292, #2184 ) ) ;
#438 = CIRCLE ( 'NONE', #2551, 0.3749999999999999445 ) ;
#439 = CARTESIAN_POINT ( 'NONE',  ( 1.120982773580922132, 2.374919929226163351, 4.184210704533843028 ) ) ;
#440 = CARTESIAN_POINT ( 'NONE',  ( 1.430263821016521719, 2.653203907994234889, 5.749963835247867472 ) ) ;
#441 = CARTESIAN_POINT ( 'NONE',  ( 1.430263821016529491, 2.528203907994290844, 5.449963835247838340 ) ) ;
#442 = ORIENTED_EDGE ( 'NONE', *, *, #2173, .T. ) ;
#443 = CARTESIAN_POINT ( 'NONE',  ( 1.242225368420520448, 2.202820410355706748, 4.837061292185582673 ) ) ;
#444 = CARTESIAN_POINT ( 'NONE',  ( 1.132741843881784671, 2.756796403982192611, 2.162883018182730765 ) ) ;
#445 = ORIENTED_EDGE ( 'NONE', *, *, #2357, .F. ) ;
#446 = CARTESIAN_POINT ( 'NONE',  ( 1.276058123984266546, 2.837649387504676657, 2.745471410001128820 ) ) ;
#447 = EDGE_CURVE ( 'NONE', #2065, #227, #2093, .T. ) ;
#448 = PLANE ( 'NONE',  #1636 ) ;
#449 = DIRECTION ( 'NONE',  ( 1.000000000000000000, 0.000000000000000000, 0.000000000000000000 ) ) ;
#450 = CARTESIAN_POINT ( 'NONE',  ( 1.552984614389517404, 2.205572637936792368, 4.240064187334835033 ) ) ;
#451 = ORIENTED_EDGE ( 'NONE', *, *, #196, .T. ) ;
#452 = CARTESIAN_POINT ( 'NONE',  ( 1.373077431709820218, 2.187786689367128279, 4.247891818440800549 ) ) ;
#453 = CARTESIAN_POINT ( 'NONE',  ( 1.805263821016529491, 2.528203907994290844, 2.182686129479090908 ) ) ;
#454 = DIRECTION ( 'NONE',  ( -0.000000000000000000, -1.000000000000000000, -0.000000000000000000 ) ) ;
#455 = EDGE_LOOP ( 'NONE', ( #1076, #1372 ) ) ;
#456 = CARTESIAN_POINT ( 'NONE',  ( 1.775263821016529464, 2.528203907994290844, 2.129963835247838499 ) ) ;
#457 = FACE_OUTER_BOUND ( 'NONE', #982, .T. ) ;
#458 = ORIENTED_EDGE ( 'NONE', *, *, #2693, .T. ) ;
#459 = CARTESIAN_POINT ( 'NONE',  ( 1.487395321955112371, 2.187776228022020764, 2.732031169476443644 ) ) ;
#460 = EDGE_CURVE ( 'NONE', #1774, #1971, #376, .T. ) ;
#461 = DIRECTION ( 'NONE',  ( 0.000000000000000000, 1.000000000000000000, 8.741913579725648610E-15 ) ) ;
#462 = DIRECTION ( 'NONE',  ( 0.000000000000000000, 0.000000000000000000, 1.000000000000000000 ) ) ;
#463 = CARTESIAN_POINT ( 'NONE',  ( 1.584093534387284619, 2.218580366472794996, 4.234530920601997650 ) ) ;
#464 = CARTESIAN_POINT ( 'NONE',  ( 1.771892196164534861, 2.683331735510298799, 4.806365592264902453 ) ) ;
#465 = CARTESIAN_POINT ( 'NONE',  ( 1.055263821016529491, 2.528203907994290844, 5.749963835247839050 ) ) ;
#466 = AXIS2_PLACEMENT_3D ( 'NONE', #1990, #2680, #1796 ) ;
#467 = CARTESIAN_POINT ( 'NONE',  ( 1.641248598627174093, 2.802075253912251540, 2.759587411603545704 ) ) ;
#468 = ORIENTED_EDGE ( 'NONE', *, *, #666, .F. ) ;
#469 = CARTESIAN_POINT ( 'NONE',  ( 1.381236282882465360, 2.155601801410314877, 4.849296654655488759 ) ) ;
#470 = LINE ( 'NONE', #2441, #834 ) ;
#471 = ORIENTED_EDGE ( 'NONE', *, *, #549, .T. ) ;
#472 = CARTESIAN_POINT ( 'NONE',  ( 1.763932274088277241, 2.437590994476969364, 2.807108977680289996 ) ) ;
#473 = DIRECTION ( 'NONE',  ( 0.000000000000000000, 0.000000000000000000, 1.000000000000000000 ) ) ;
#474 = DIRECTION ( 'NONE',  ( -0.000000000000000000, 0.000000000000000000, -1.000000000000000000 ) ) ;
#475 = DIRECTION ( 'NONE',  ( 0.000000000000000000, 0.000000000000000000, 1.000000000000000000 ) ) ;
#476 = AXIS2_PLACEMENT_3D ( 'NONE', #2321, #1246, #181 ) ;
#477 = CYLINDRICAL_SURFACE ( 'NONE', #297, 0.3450000000000000289 ) ;
#478 = AXIS2_PLACEMENT_3D ( 'NONE', #273, #454, #2196 ) ;
#479 = CARTESIAN_POINT ( 'NONE',  ( 1.430263821016529491, 2.528203907994290844, 2.129963835247838499 ) ) ;
#480 = CARTESIAN_POINT ( 'NONE',  ( 1.658451809856367865, 2.787932266459477670, 2.764835739737575793 ) ) ;
#481 = VERTEX_POINT ( 'NONE', #2753 ) ;
#482 = EDGE_CURVE ( 'NONE', #2148, #481, #2355, .T. ) ;
#483 = EDGE_LOOP ( 'NONE', ( #1854, #639 ) ) ;
#484 = DIRECTION ( 'NONE',  ( 0.000000000000000000, 1.000000000000000000, 1.047444401652940007E-14 ) ) ;
#485 = DIRECTION ( 'NONE',  ( 0.000000000000000000, 1.047444401652940007E-14, -1.000000000000000000 ) ) ;
#486 = DIRECTION ( 'NONE',  ( 1.000000000000000000, 0.000000000000000000, 0.000000000000000000 ) ) ;
#487 = CARTESIAN_POINT ( 'NONE',  ( 1.615631018368459459, 3.288203907994291075, 4.123398127140762703 ) ) ;
#488 = CARTESIAN_POINT ( 'NONE',  ( 1.430263821016529491, 2.528203907994290844, 2.129963835247838499 ) ) ;
#489 = CARTESIAN_POINT ( 'NONE',  ( 1.057719530663317808, 2.577616457213308898, 4.797953091626293798 ) ) ;
#490 = EDGE_CURVE ( 'NONE', #1344, #1440, #2670, .T. ) ;
#491 = DIRECTION ( 'NONE',  ( 0.000000000000000000, -1.000000000000000000, 0.000000000000000000 ) ) ;
#492 = ORIENTED_EDGE ( 'NONE', *, *, #502, .F. ) ;
#493 = SURFACE_STYLE_USAGE ( .BOTH. , #2418 ) ;
#494 = ORIENTED_EDGE ( 'NONE', *, *, #317, .F. ) ;
#495 = CARTESIAN_POINT ( 'NONE',  ( 1.757308787156662166, 2.416084607723784305, 2.803864536619328440 ) ) ;
#496 = CARTESIAN_POINT ( 'NONE',  ( 1.454854183991513672, 2.153203907994290844, 4.849963835247838695 ) ) ;
#497 = DIRECTION ( 'NONE',  ( 0.000000000000000000, 1.000000000000000000, 1.092739197465706076E-14 ) ) ;
#498 = ORIENTED_EDGE ( 'NONE', *, *, #1988, .F. ) ;
#499 = LINE ( 'NONE', #1805, #2111 ) ;
#500 = DIMENSIONAL_EXPONENTS ( 1.000000000000000000, 0.000000000000000000, 0.000000000000000000, 0.000000000000000000, 0.000000000000000000, 0.000000000000000000, 0.000000000000000000 ) ;
#501 = CARTESIAN_POINT ( 'NONE',  ( 1.202165998399016278, 2.268416127625705769, 2.764810990011959291 ) ) ;
#502 = EDGE_CURVE ( 'NONE', #1183, #2158, #2236, .T. ) ;
#503 = CARTESIAN_POINT ( 'NONE',  ( 1.775263821016529464, 2.528203907994290844, 1.229963835247838366 ) ) ;
#504 = DIRECTION ( 'NONE',  ( -0.5980431156508640989, -0.8014639304563911937, 0.000000000000000000 ) ) ;
#505 = ORIENTED_EDGE ( 'NONE', *, *, #482, .F. ) ;
#506 = DIRECTION ( 'NONE',  ( 0.000000000000000000, 0.000000000000000000, -1.000000000000000000 ) ) ;
#507 = ORIENTED_EDGE ( 'NONE', *, *, #2068, .T. ) ;
#508 = CIRCLE ( 'NONE', #551, 0.1279527559055119446 ) ;
#509 = CARTESIAN_POINT ( 'NONE',  ( 1.430263821016521719, 2.528203907994257538, 3.599963835247866228 ) ) ;
#510 = DIRECTION ( 'NONE',  ( -0.000000000000000000, -0.000000000000000000, 1.000000000000000000 ) ) ;
#511 = ORIENTED_EDGE ( 'NONE', *, *, #560, .T. ) ;
#512 = CARTESIAN_POINT ( 'NONE',  ( 1.430263821016521719, 2.403203907994235333, 5.749963835247864807 ) ) ;
#513 = CARTESIAN_POINT ( 'NONE',  ( 1.430263821016529047, 2.528203907994290844, 1.229963835247838366 ) ) ;
#514 = CIRCLE ( 'NONE', #1598, 0.7600000000000001199 ) ;
#515 = EDGE_CURVE ( 'NONE', #2796, #977, #540, .T. ) ;
#516 = AXIS2_PLACEMENT_3D ( 'NONE', #2267, #1203, #2073 ) ;
#517 = LINE ( 'NONE', #465, #691 ) ;
#518 = CARTESIAN_POINT ( 'NONE',  ( 1.430263821016529713, 2.153203907994290844, 4.849963835247838695 ) ) ;
#519 = CARTESIAN_POINT ( 'NONE',  ( 1.430263821016521719, 2.528203907994231781, 6.049963835247866406 ) ) ;
#520 = ORIENTED_EDGE ( 'NONE', *, *, #2619, .T. ) ;
#521 = VECTOR ( 'NONE', #2622, 39.37007874015748143 ) ;
#522 = FACE_OUTER_BOUND ( 'NONE', #1983, .T. ) ;
#523 = EDGE_LOOP ( 'NONE', ( #1232, #2197, #1068, #2504, #1551 ) ) ;
#524 = DIRECTION ( 'NONE',  ( -0.000000000000000000, -1.047444401652940007E-14, 1.000000000000000000 ) ) ;
#525 = ADVANCED_FACE ( 'NONE', ( #1609 ), #15, .F. ) ;
#526 = PLANE ( 'NONE',  #563 ) ;
#527 = ORIENTED_EDGE ( 'NONE', *, *, #317, .T. ) ;
#528 = CARTESIAN_POINT ( 'NONE',  ( 1.430263821016529713, 2.528203907994290844, -36.00979896775277922 ) ) ;
#529 = ORIENTED_EDGE ( 'NONE', *, *, #2149, .F. ) ;
#530 = CARTESIAN_POINT ( 'NONE',  ( 1.648958549510779026, 2.833074060032661379, 4.832304115715932546 ) ) ;
#531 = DIRECTION ( 'NONE',  ( 0.000000000000000000, 0.000000000000000000, 1.000000000000000000 ) ) ;
#532 = DIRECTION ( 'NONE',  ( 0.000000000000000000, 0.000000000000000000, 1.000000000000000000 ) ) ;
#533 = DIRECTION ( 'NONE',  ( 0.000000000000000000, 0.000000000000000000, 1.000000000000000000 ) ) ;
#534 = ORIENTED_EDGE ( 'NONE', *, *, #882, .F. ) ;
#535 = SURFACE_STYLE_USAGE ( .BOTH. , #1424 ) ;
#536 = EDGE_LOOP ( 'NONE', ( #2024, #2268, #343, #330 ) ) ;
#537 = FACE_OUTER_BOUND ( 'NONE', #536, .T. ) ;
#538 = CARTESIAN_POINT ( 'NONE',  ( 1.430263821016529491, 3.028203907994290844, 4.249963835247838162 ) ) ;
#539 = ORIENTED_EDGE ( 'NONE', *, *, #2553, .T. ) ;
#540 = B_SPLINE_CURVE_WITH_KNOTS ( 'NONE', 3,
 ( #2200, #1169, #2376, #1304, #1384, #2253, #99, #314, #1747, #1970, #234, #876, #2681, #2036, #2169, #955, #117, #2264, #1088, #1512, #2051, #1951, #262, #750 ),
 .UNSPECIFIED., .F., .F.,
 ( 4, 2, 2, 2, 2, 2, 2, 2, 2, 2, 2, 4 ),
 ( 0.04166280188474445756, 0.04252966360094516396, 0.04339652531714586342, 0.04513024874954727622, 0.04599711046574798262, 0.04686397218194868902, 0.04859769561435010876, 0.05033141904675152850, 0.05119828076295223490, 0.05206514247915294130, 0.05379886591155435410, 0.05553258934395575996 ),
 .UNSPECIFIED. ) ;
#541 = CARTESIAN_POINT ( 'NONE',  ( 1.430263821016521719, 2.278203907994255317, 3.799963835247863742 ) ) ;
#542 = EDGE_LOOP ( 'NONE', ( #1791, #768 ) ) ;
#543 = CARTESIAN_POINT ( 'NONE',  ( 1.317990036975934753, 2.201212632355756593, 2.738008383387522837 ) ) ;
#544 = SHAPE_DEFINITION_REPRESENTATION ( #1205, #2042 ) ;
#545 = CARTESIAN_POINT ( 'NONE',  ( 1.085263821016529517, 2.528203907994290844, 4.167145494775028602 ) ) ;
#546 = LINE ( 'NONE', #100, #1511 ) ;
#547 = ORIENTED_EDGE ( 'NONE', *, *, #2470, .T. ) ;
#548 =( NAMED_UNIT ( * ) SI_UNIT ( $, .STERADIAN. ) SOLID_ANGLE_UNIT ( ) );
#549 = EDGE_CURVE ( 'NONE', #2344, #2784, #667, .T. ) ;
#550 = CARTESIAN_POINT ( 'NONE',  ( 1.430263821016529047, 2.528203907994290844, 1.719963835247838357 ) ) ;
#551 = AXIS2_PLACEMENT_3D ( 'NONE', #1515, #1048, #1495 ) ;
#552 = LINE ( 'NONE', #799, #120 ) ;
#553 = ORIENTED_EDGE ( 'NONE', *, *, #313, .T. ) ;
#554 = CARTESIAN_POINT ( 'NONE',  ( 1.722915855789724615, 2.711242620195895014, 4.191390559993837250 ) ) ;
#555 = VERTEX_POINT ( 'NONE', #1527 ) ;
#556 = AXIS2_PLACEMENT_3D ( 'NONE', #2605, #62, #290 ) ;
#557 = CARTESIAN_POINT ( 'NONE',  ( 1.430263821016529491, 2.028203907994290844, 3.489963835247838375 ) ) ;
#558 =( NAMED_UNIT ( * ) SI_UNIT ( $, .STERADIAN. ) SOLID_ANGLE_UNIT ( ) );
#559 = CARTESIAN_POINT ( 'NONE',  ( 1.219322527753228247, 2.802114841539895096, 4.220354610846086985 ) ) ;
#560 = EDGE_CURVE ( 'NONE', #2569, #2796, #2388, .T. ) ;
#561 = DIRECTION ( 'NONE',  ( 0.000000000000000000, 0.000000000000000000, -1.000000000000000000 ) ) ;
#562 = ORIENTED_EDGE ( 'NONE', *, *, #2750, .F. ) ;
#563 = AXIS2_PLACEMENT_3D ( 'NONE', #2088, #1231, #1006 ) ;
#564 = FILL_AREA_STYLE ('',( #331 ) ) ;
#565 = ORIENTED_EDGE ( 'NONE', *, *, #2261, .T. ) ;
#566 = LINE ( 'NONE', #1599, #735 ) ;
#567 = FACE_OUTER_BOUND ( 'NONE', #2499, .T. ) ;
#568 = ORIENTED_EDGE ( 'NONE', *, *, #675, .T. ) ;
#569 = CARTESIAN_POINT ( 'NONE',  ( 1.728676040127210767, 2.701700424847020443, 4.188951564503298641 ) ) ;
#570 = CARTESIAN_POINT ( 'NONE',  ( 1.430263821016529047, 3.178203907994290756, 0.9299638352478384329 ) ) ;
#571 = DIRECTION ( 'NONE',  ( -0.000000000000000000, 1.000000000000000000, -0.000000000000000000 ) ) ;
#572 = DIRECTION ( 'NONE',  ( 1.000000000000000000, 0.000000000000000000, 0.000000000000000000 ) ) ;
#573 = CARTESIAN_POINT ( 'NONE',  ( 1.430263821016521719, 2.528203907994255317, 3.799963835247866406 ) ) ;
#574 = CARTESIAN_POINT ( 'NONE',  ( 1.520534345272001930, 2.195027611677071278, 4.244664035534448487 ) ) ;
#575 = ADVANCED_FACE ( 'NONE', ( #248 ), #32, .T. ) ;
#576 = CARTESIAN_POINT ( 'NONE',  ( 1.430263821016521719, 2.528203907994257538, 3.599963835247866228 ) ) ;
#577 = ORIENTED_EDGE ( 'NONE', *, *, #2357, .T. ) ;
#578 = CARTESIAN_POINT ( 'NONE',  ( 1.613630265154922361, 2.235755274600415898, 2.752353987628589405 ) ) ;
#579 = CARTESIAN_POINT ( 'NONE',  ( 1.353742556218683557, 2.425654389333531835, 1.719963835247838357 ) ) ;
#580 = ORIENTED_EDGE ( 'NONE', *, *, #1853, .F. ) ;
#581 = CARTESIAN_POINT ( 'NONE',  ( 1.744224270516193220, 2.671666730043170457, 4.182099567658720929 ) ) ;
#582 = DIRECTION ( 'NONE',  ( 0.000000000000000000, -1.000000000000000000, 0.000000000000000000 ) ) ;
#583 = CARTESIAN_POINT ( 'NONE',  ( 1.430263821016529047, 2.668203907994290969, 1.719963835247838357 ) ) ;
#584 = EDGE_CURVE ( 'NONE', #2614, #1040, #970, .T. ) ;
#585 = FACE_OUTER_BOUND ( 'NONE', #647, .T. ) ;
#586 = CARTESIAN_POINT ( 'NONE',  ( 1.256384455258828803, 2.827017219081862542, 4.230053613887095665 ) ) ;
#587 = EDGE_CURVE ( 'NONE', #46, #1191, #123, .T. ) ;
#588 = CIRCLE ( 'NONE', #1539, 0.01968503937007848661 ) ;
#589 = CARTESIAN_POINT ( 'NONE',  ( 1.430263821016529713, 2.528203907994290844, 1.719963835247838357 ) ) ;
#590 = ORIENTED_EDGE ( 'NONE', *, *, #2325, .T. ) ;
#591 = DIRECTION ( 'NONE',  ( 0.000000000000000000, 1.000000000000000000, 8.741913579725648610E-15 ) ) ;
#592 = CARTESIAN_POINT ( 'NONE',  ( 1.509345494847627256, 2.192196152039918911, 4.245921624081153034 ) ) ;
#593 = EDGE_LOOP ( 'NONE', ( #2708, #124, #2427, #2683 ) ) ;
#594 = DIRECTION ( 'NONE',  ( 0.000000000000000000, 0.000000000000000000, -1.000000000000000000 ) ) ;
#595 = VECTOR ( 'NONE', #2580, 39.37007874015748143 ) ;
#596 = CARTESIAN_POINT ( 'NONE',  ( 1.089844390034868882, 2.471032211277269131, 2.810463345639932164 ) ) ;
#597 = DIRECTION ( 'NONE',  ( 0.000000000000000000, 0.000000000000000000, 1.000000000000000000 ) ) ;
#598 = PRODUCT_RELATED_PRODUCT_CATEGORY ( 'part', '', ( #2578 ) ) ;
#599 = AXIS2_PLACEMENT_3D ( 'NONE', #1125, #2431, #712 ) ;
#600 = EDGE_CURVE ( 'NONE', #1698, #913, #881, .T. ) ;
#601 = CARTESIAN_POINT ( 'NONE',  ( 1.332461057643443247, 2.165331359581880832, 2.133265800248345556 ) ) ;
#602 = CARTESIAN_POINT ( 'NONE',  ( 1.430263821016529047, 2.388203907994290720, 1.719963835247838357 ) ) ;
#603 = EDGE_CURVE ( 'NONE', #2491, #2442, #1758, .T. ) ;
#604 = ORIENTED_EDGE ( 'NONE', *, *, #372, .F. ) ;
#605 = VECTOR ( 'NONE', #362, 39.37007874015748143 ) ;
#606 = AXIS2_PLACEMENT_3D ( 'NONE', #384, #1043, #1267 ) ;
#607 = CARTESIAN_POINT ( 'NONE',  ( 1.573968885403870033, 2.214352528310561841, 2.743598006856555749 ) ) ;
#608 = CARTESIAN_POINT ( 'NONE',  ( 1.552984614389517404, 2.205572637936792368, 4.240064187334835033 ) ) ;
#609 = ORIENTED_EDGE ( 'NONE', *, *, #882, .T. ) ;
#610 = CARTESIAN_POINT ( 'NONE',  ( 1.339950965372987524, 2.861369509211272089, 2.735268387974149729 ) ) ;
#611 = VECTOR ( 'NONE', #1507, 39.37007874015748143 ) ;
#612 = ADVANCED_FACE ( 'NONE', ( #2313, #585 ), #2706, .F. ) ;
#613 = CARTESIAN_POINT ( 'NONE',  ( 1.430263821016529047, 2.528203907994290844, 1.719963835247838357 ) ) ;
#614 = DIRECTION ( 'NONE',  ( 0.000000000000000000, 1.000000000000000000, 0.000000000000000000 ) ) ;
#615 = ORIENTED_EDGE ( 'NONE', *, *, #2609, .T. ) ;
#616 = CARTESIAN_POINT ( 'NONE',  ( 1.407240319927109962, 2.183781096688127477, 4.249701305623599268 ) ) ;
#617 = CARTESIAN_POINT ( 'NONE',  ( 1.228373567055108584, 2.808188826165798790, 2.757206583867153782 ) ) ;
#618 = CARTESIAN_POINT ( 'NONE',  ( 1.430263821016529713, 2.528203907994290844, -36.00979896775277922 ) ) ;
#619 = VERTEX_POINT ( 'NONE', #817 ) ;
#620 = CARTESIAN_POINT ( 'NONE',  ( 1.690320271797676410, 2.300401467659990207, 2.775647569826727334 ) ) ;
#621 = CARTESIAN_POINT ( 'NONE',  ( 1.430263821016529713, 2.028203907994290844, 4.864963835247838375 ) ) ;
#622 = ORIENTED_EDGE ( 'NONE', *, *, #984, .F. ) ;
#623 = CARTESIAN_POINT ( 'NONE',  ( 1.407115835305560836, 2.873203907994290152, 2.729963835247838588 ) ) ;
#624 = CARTESIAN_POINT ( 'NONE',  ( 1.430263821016529491, 2.028203907994290844, 2.114963835247838375 ) ) ;
#625 = CYLINDRICAL_SURFACE ( 'NONE', #1147, 0.6600000000000000311 ) ;
#626 = EDGE_LOOP ( 'NONE', ( #2259, #471, #757, #2743, #2777 ) ) ;
#627 = CARTESIAN_POINT ( 'NONE',  ( 1.087496731581572451, 2.482759657686336219, 4.168297361960803471 ) ) ;
#628 = CARTESIAN_POINT ( 'NONE',  ( 1.085263821016529517, 2.528203907994290844, 2.812782175720647260 ) ) ;
#629 = CARTESIAN_POINT ( 'NONE',  ( 1.430263821016521719, 2.528203907994255317, 3.799963835247866406 ) ) ;
#630 = ORIENTED_EDGE ( 'NONE', *, *, #776, .F. ) ;
#631 = CARTESIAN_POINT ( 'NONE',  ( 1.658515174961999294, 2.787875585981213877, 4.215071715999306079 ) ) ;
#632 = EDGE_CURVE ( 'NONE', #847, #2784, #2465, .T. ) ;
#633 = CARTESIAN_POINT ( 'NONE',  ( 1.666332146479185150, 2.276370870215930431, 4.212418264492141518 ) ) ;
#634 = VERTEX_POINT ( 'NONE', #1041 ) ;
#635 = CARTESIAN_POINT ( 'NONE',  ( 1.085263821016529517, 2.528203907994290844, 2.129963835247838499 ) ) ;
#636 = CARTESIAN_POINT ( 'NONE',  ( 1.276801520796075451, 2.219010418857656930, 2.745549942392415232 ) ) ;
#637 = CARTESIAN_POINT ( 'NONE',  ( 1.430263821016521719, 2.403203907994255317, 3.799963835247865518 ) ) ;
#638 = DIRECTION ( 'NONE',  ( 0.000000000000000000, 1.047444401652940007E-14, -1.000000000000000000 ) ) ;
#639 = ORIENTED_EDGE ( 'NONE', *, *, #1815, .T. ) ;
#640 = ADVANCED_FACE ( 'NONE', ( #2577 ), #188, .F. ) ;
#641 = CIRCLE ( 'NONE', #1952, 0.1249999999999999029 ) ;
#642 = DIRECTION ( 'NONE',  ( 0.000000000000000000, 0.000000000000000000, 1.000000000000000000 ) ) ;
#643 = AXIS2_PLACEMENT_3D ( 'NONE', #479, #1340, #2210 ) ;
#644 = CARTESIAN_POINT ( 'NONE',  ( 1.318090355583993567, 2.854658871781976970, 2.738206731069247724 ) ) ;
#645 = EDGE_CURVE ( 'NONE', #2056, #1744, #2137, .T. ) ;
#646 = CARTESIAN_POINT ( 'NONE',  ( 1.542551577252637030, 2.855204999094041352, 2.738005019798526618 ) ) ;
#647 = EDGE_LOOP ( 'NONE', ( #1940, #136 ) ) ;
#648 = CARTESIAN_POINT ( 'NONE',  ( 1.405660277551301407, 2.153203907994289956, 4.849963835247837807 ) ) ;
#649 = AXIS2_PLACEMENT_3D ( 'NONE', #350, #2044, #993 ) ;
#650 = CARTESIAN_POINT ( 'NONE',  ( 1.682027334381766437, 2.292061437139486735, 4.207099659174831530 ) ) ;
#651 = VERTEX_POINT ( 'NONE', #1932 ) ;
#652 = DIRECTION ( 'NONE',  ( 0.000000000000000000, 1.047444401652940007E-14, -1.000000000000000000 ) ) ;
#653 = CIRCLE ( 'NONE', #1015, 1.375000000000000222 ) ;
#654 = CIRCLE ( 'NONE', #2549, 0.1400000000000001521 ) ;
#655 = FACE_OUTER_BOUND ( 'NONE', #1597, .T. ) ;
#656 = CARTESIAN_POINT ( 'NONE',  ( 1.244896623664601965, 3.288203907994291075, 2.856529543354913159 ) ) ;
#657 = CIRCLE ( 'NONE', #258, 1.375000000000000000 ) ;
#658 = CARTESIAN_POINT ( 'NONE',  ( 1.756747833084915777, 2.416116733058219168, 4.176274260877661071 ) ) ;
#659 = ORIENTED_EDGE ( 'NONE', *, *, #992, .F. ) ;
#660 = B_SPLINE_CURVE_WITH_KNOTS ( 'NONE', 3,
 ( #1481, #623, #2323, #1714, #610, #1468, #195, #446, #670, #1941, #1914, #2349, #1702, #2561, #2573, #2772, #2364, #1750, #2379, #1307, #838, #430, #2172, #879, #416, #1293 ),
 .UNSPECIFIED., .F., .F.,
 ( 4, 2, 2, 2, 2, 2, 2, 2, 2, 2, 2, 2, 4 ),
 ( 0.000000000000000000, 0.001737254520602193007, 0.002605881780903297317, 0.003474509041204401627, 0.005211763561806617186, 0.006080390822107714123, 0.006949018082408810193, 0.007817645342709907130, 0.008686272603011004068, 0.01042352712361319621, 0.01129215438391427233, 0.01216078164421535018, 0.01389803616481754406 ),
 .UNSPECIFIED. ) ;
#661 = CONICAL_SURFACE ( 'NONE', #2249, 22.73032555864669746, 0.5235987755982991487 ) ;
#662 = CARTESIAN_POINT ( 'NONE',  ( 1.085263821016529517, 2.528203907994290844, 4.167145494775028602 ) ) ;
#663 = DIRECTION ( 'NONE',  ( -0.000000000000000000, -1.000000000000000000, -0.000000000000000000 ) ) ;
#664 = DIRECTION ( 'NONE',  ( 1.000000000000000000, 0.000000000000000000, 0.000000000000000000 ) ) ;
#665 = ORIENTED_EDGE ( 'NONE', *, *, #1973, .T. ) ;
#666 = EDGE_CURVE ( 'NONE', #1971, #1774, #1197, .T. ) ;
#667 = LINE ( 'NONE', #1395, #1680 ) ;
#668 = SURFACE_STYLE_FILL_AREA ( #1122 ) ;
#669 = VERTEX_POINT ( 'NONE', #421 ) ;
#670 = CARTESIAN_POINT ( 'NONE',  ( 1.256339960686837287, 2.827002179409089599, 2.749881443084404520 ) ) ;
#671 = CARTESIAN_POINT ( 'NONE',  ( 1.805263821016529491, 2.528203907994290844, 4.797241541016585842 ) ) ;
#672 = CARTESIAN_POINT ( 'NONE',  ( 1.430263821016529491, 1.528203907994290622, 3.489963835247838375 ) ) ;
#673 = CARTESIAN_POINT ( 'NONE',  ( 1.763443893458097822, 2.437946585580810233, 4.173048639494199463 ) ) ;
#674 = CARTESIAN_POINT ( 'NONE',  ( 1.805263821016529491, 2.552747785903917599, 4.797241541016584065 ) ) ;
#675 = EDGE_CURVE ( 'NONE', #722, #1579, #654, .T. ) ;
#676 = CARTESIAN_POINT ( 'NONE',  ( 1.103742401053938060, 2.640179380711464852, 2.803671269431084578 ) ) ;
#677 = DIRECTION ( 'NONE',  ( -0.2808593899271647487, 0.000000000000000000, -0.9597489271104922004 ) ) ;
#678 = ORIENTED_EDGE ( 'NONE', *, *, #148, .F. ) ;
#679 = EDGE_CURVE ( 'NONE', #374, #2491, #178, .T. ) ;
#680 = B_SPLINE_CURVE_WITH_KNOTS ( 'NONE', 3,
 ( #1448, #1072, #2783, #2568, #369, #217, #397, #1489, #2358, #1243, #1227, #2751, #917, #480, #467, #231, #2006, #1980, #1130, #646, #260, #1566, #707, #1743 ),
 .UNSPECIFIED., .F., .F.,
 ( 4, 2, 2, 2, 2, 2, 2, 2, 2, 2, 2, 4 ),
 ( 0.04166280188474445756, 0.04252966360094516396, 0.04339652531714586342, 0.04513024874954727622, 0.04599711046574798262, 0.04686397218194868902, 0.04859769561435010876, 0.05033141904675152850, 0.05119828076295223490, 0.05206514247915294130, 0.05379886591155435410, 0.05553258934395575996 ),
 .UNSPECIFIED. ) ;
#681 = CARTESIAN_POINT ( 'NONE',  ( 1.430263821016529491, 1.768203907994290391, 3.489963835247838375 ) ) ;
#682 = DIRECTION ( 'NONE',  ( -0.000000000000000000, -1.000000000000000000, -0.000000000000000000 ) ) ;
#683 = ORIENTED_EDGE ( 'NONE', *, *, #2273, .T. ) ;
#684 = CARTESIAN_POINT ( 'NONE',  ( 1.520925192601088050, 2.194549040705354059, 2.735057051152133933 ) ) ;
#685 = DIRECTION ( 'NONE',  ( -1.000000000000000000, 0.000000000000000000, 0.000000000000000000 ) ) ;
#686 = CARTESIAN_POINT ( 'NONE',  ( 1.430263821016529713, 3.028203907994290844, 4.849963835247837807 ) ) ;
#687 = CARTESIAN_POINT ( 'NONE',  ( 1.418491318739938167, 2.512427058969558757, 2.701774835247837903 ) ) ;
#688 = CARTESIAN_POINT ( 'NONE',  ( 1.805263821016529491, 2.503616143025854779, 2.182686129479090908 ) ) ;
#689 = EDGE_CURVE ( 'NONE', #710, #946, #1694, .T. ) ;
#690 = DIRECTION ( 'NONE',  ( -0.2808593899271646932, 0.000000000000000000, -0.9597489271104920894 ) ) ;
#691 = VECTOR ( 'NONE', #928, 39.37007874015748143 ) ;
#692 = CARTESIAN_POINT ( 'NONE',  ( 1.775263821016529464, 2.528203907994290844, 2.129963835247838499 ) ) ;
#693 = ORIENTED_EDGE ( 'NONE', *, *, #984, .T. ) ;
#694 = CIRCLE ( 'NONE', #1410, 1.375000000000000222 ) ;
#695 = AXIS2_PLACEMENT_3D ( 'NONE', #1532, #251, #1642 ) ;
#696 = FILL_AREA_STYLE_COLOUR ( '', #1196 ) ;
#697 = VERTEX_POINT ( 'NONE', #1098 ) ;
#698 = CARTESIAN_POINT ( 'NONE',  ( 1.430263821016529491, 2.183203907994290649, 2.729963835247838144 ) ) ;
#699 = CARTESIAN_POINT ( 'NONE',  ( 1.528015270532358194, 2.165335782396570430, 4.846660814441066556 ) ) ;
#700 = DIRECTION ( 'NONE',  ( 0.000000000000000000, 1.000000000000000000, 1.008682336122189690E-14 ) ) ;
#701 = DIRECTION ( 'NONE',  ( 0.000000000000000000, -1.000000000000000000, 0.000000000000000000 ) ) ;
#702 = CIRCLE ( 'NONE', #794, 0.6499999999999999112 ) ;
#703 = EDGE_CURVE ( 'NONE', #1992, #2439, #1963, .T. ) ;
#704 = CARTESIAN_POINT ( 'NONE',  ( 1.107667326313964029, 2.405382151869595475, 2.801810661409549930 ) ) ;
#705 = VECTOR ( 'NONE', #1137, 39.37007874015748143 ) ;
#706 = CARTESIAN_POINT ( 'NONE',  ( 1.430263821016529491, 3.028203907994290844, 2.729963835247838144 ) ) ;
#707 = CARTESIAN_POINT ( 'NONE',  ( 1.453364756869089280, 2.873203907994291040, 2.729963835247838144 ) ) ;
#708 = EDGE_LOOP ( 'NONE', ( #1542, #907, #2715, #2792, #2556 ) ) ;
#709 = DIRECTION ( 'NONE',  ( 0.000000000000000000, 1.000000000000000000, 0.000000000000000000 ) ) ;
#710 = VERTEX_POINT ( 'NONE', #1707 ) ;
#711 = CARTESIAN_POINT ( 'NONE',  ( 1.573968885403870033, 2.214352528310561841, 2.743598006856555749 ) ) ;
#712 = DIRECTION ( 'NONE',  ( 0.000000000000000000, 1.000000000000000000, 9.502079977962660984E-15 ) ) ;
#713 = PLANE ( 'NONE',  #1553 ) ;
#714 = VERTEX_POINT ( 'NONE', #407 ) ;
#715 = FACE_OUTER_BOUND ( 'NONE', #31, .T. ) ;
#716 = EDGE_CURVE ( 'NONE', #2493, #1628, #39, .T. ) ;
#717 = CARTESIAN_POINT ( 'NONE',  ( 1.479424363638651485, 2.156234755810332970, 2.130796926757958065 ) ) ;
#718 = CARTESIAN_POINT ( 'NONE',  ( 1.093493745726278332, 2.694964585166727655, 4.807643794831458983 ) ) ;
#719 = CARTESIAN_POINT ( 'NONE',  ( 1.430263821016521719, 2.528203907994234889, 5.749963835247865696 ) ) ;
#720 = ORIENTED_EDGE ( 'NONE', *, *, #154, .T. ) ;
#721 = CARTESIAN_POINT ( 'NONE',  ( 1.085263821016529517, 2.528203907994290844, 1.229963835247838366 ) ) ;
#722 = VERTEX_POINT ( 'NONE', #1766 ) ;
#723 = CARTESIAN_POINT ( 'NONE',  ( 1.430263821016529491, 2.528203907994290844, 5.749963835247839050 ) ) ;
#724 = EDGE_CURVE ( 'NONE', #2473, #2617, #432, .T. ) ;
#725 = ADVANCED_FACE ( 'NONE', ( #1339 ), #477, .F. ) ;
#726 = CARTESIAN_POINT ( 'NONE',  ( 1.618402069656037945, 2.203582393573640719, 4.836931751752720388 ) ) ;
#727 = CYLINDRICAL_SURFACE ( 'NONE', #1873, 0.7600000000000001199 ) ;
#728 = ORIENTED_EDGE ( 'NONE', *, *, #2160, .T. ) ;
#729 = CYLINDRICAL_SURFACE ( 'NONE', #2466, 0.6499999999999999112 ) ;
#730 = CARTESIAN_POINT ( 'NONE',  ( 1.659151889357175946, 2.230160494413649719, 2.149206314136087315 ) ) ;
#731 = FACE_BOUND ( 'NONE', #2123, .T. ) ;
#732 = CARTESIAN_POINT ( 'NONE',  ( 1.105009895483930027, 2.339964984893383448, 4.810571827073199636 ) ) ;
#733 = LINE ( 'NONE', #133, #1016 ) ;
#734 = VERTEX_POINT ( 'NONE', #2021 ) ;
#735 = VECTOR ( 'NONE', #2058, 39.37007874015748143 ) ;
#736 = EDGE_CURVE ( 'NONE', #2643, #847, #409, .T. ) ;
#737 = AXIS2_PLACEMENT_3D ( 'NONE', #723, #287, #2228 ) ;
#738 = EDGE_LOOP ( 'NONE', ( #2038, #1685 ) ) ;
#739 = MECHANICAL_DESIGN_GEOMETRIC_PRESENTATION_REPRESENTATION (  '', ( #2188 ), #1280 ) ;
#740 = DIRECTION ( 'NONE',  ( 0.000000000000000000, 1.000000000000000000, 8.741913579725648610E-15 ) ) ;
#741 = AXIS2_PLACEMENT_3D ( 'NONE', #2401, #2082, #1651 ) ;
#742 = CARTESIAN_POINT ( 'NONE',  ( 1.430263821016529713, 2.528203907994290844, 1.719963835247838357 ) ) ;
#743 = ORIENTED_EDGE ( 'NONE', *, *, #1988, .T. ) ;
#744 = DIRECTION ( 'NONE',  ( -0.000000000000000000, 1.000000000000000000, -0.000000000000000000 ) ) ;
#745 = CARTESIAN_POINT ( 'NONE',  ( 1.430263821016521719, 2.528203907994234889, 5.749963835247865696 ) ) ;
#746 = CARTESIAN_POINT ( 'NONE',  ( 1.430263821016529491, 3.028203907994290844, 2.729963835247838144 ) ) ;
#747 = AXIS2_PLACEMENT_3D ( 'NONE', #2490, #1390, #151 ) ;
#748 = AXIS2_PLACEMENT_3D ( 'NONE', #629, #2739, #2127 ) ;
#749 = CARTESIAN_POINT ( 'NONE',  ( 1.105002877906575920, 2.716436309972913410, 4.810570379020705722 ) ) ;
#750 = CARTESIAN_POINT ( 'NONE',  ( 1.430263821016529491, 2.873203907994290596, 2.729963835247838144 ) ) ;
#751 = DIRECTION ( 'NONE',  ( 0.000000000000000000, 0.000000000000000000, -1.000000000000000000 ) ) ;
#752 = ORIENTED_EDGE ( 'NONE', *, *, #2119, .F. ) ;
#753 = AXIS2_PLACEMENT_3D ( 'NONE', #1170, #2707, #973 ) ;
#754 = EDGE_LOOP ( 'NONE', ( #2215, #1356, #1508, #2213, #781, #1931, #2227, #1360, #2231, #2359 ) ) ;
#755 = CARTESIAN_POINT ( 'NONE',  ( 1.453074303932085254, 2.183766604919199938, 2.730219788010330717 ) ) ;
#756 = CARTESIAN_POINT ( 'NONE',  ( 1.766233771632718330, 2.448969388217315135, 4.171675252495782082 ) ) ;
#757 = ORIENTED_EDGE ( 'NONE', *, *, #1354, .T. ) ;
#758 = CARTESIAN_POINT ( 'NONE',  ( 1.430263821016529713, 2.528203907994290844, 1.719963835247838357 ) ) ;
#759 = ORIENTED_EDGE ( 'NONE', *, *, #399, .T. ) ;
#760 = CARTESIAN_POINT ( 'NONE',  ( 1.430263821016529491, 2.528203907994290844, 1.229963835247838366 ) ) ;
#761 = B_SPLINE_CURVE_WITH_KNOTS ( 'NONE', 3,
 ( #1948, #2385, #1695, #423, #2179, #644, #1071, #244, #28, #617, #2398, #2342, #11, #1099, #890, #1474, #1755, #2782, #873, #1283, #676, #1536, #1266, #2138, #845, #628 ),
 .UNSPECIFIED., .F., .F.,
 ( 4, 2, 2, 2, 2, 2, 2, 2, 2, 2, 2, 2, 4 ),
 ( 0.000000000000000000, 0.001737254520602193007, 0.002605881780903297317, 0.003474509041204401627, 0.005211763561806617186, 0.006080390822107714123, 0.006949018082408810193, 0.007817645342709907130, 0.008686272603011004068, 0.01042352712361319621, 0.01129215438391427233, 0.01216078164421535018, 0.01389803616481754406 ),
 .UNSPECIFIED. ) ;
#762 = CARTESIAN_POINT ( 'NONE',  ( 1.775263821016529464, 2.528203907994290844, 2.812782175720647260 ) ) ;
#763 = EDGE_CURVE ( 'NONE', #863, #669, #257, .T. ) ;
#764 = CARTESIAN_POINT ( 'NONE',  ( 1.096596214339656816, 2.618815935927903293, 4.172819088504578389 ) ) ;
#765 = DIRECTION ( 'NONE',  ( 0.000000000000000000, 1.000000000000000000, 1.008682336122189690E-14 ) ) ;
#766 = EDGE_LOOP ( 'NONE', ( #590, #2698 ) ) ;
#767 = CARTESIAN_POINT ( 'NONE',  ( 1.430263821016529491, 2.528203907994290844, 1.529963835247838411 ) ) ;
#768 = ORIENTED_EDGE ( 'NONE', *, *, #1019, .F. ) ;
#769 = DIRECTION ( 'NONE',  ( -0.5980431156508640989, -0.8014639304563911937, 0.000000000000000000 ) ) ;
#770 = DIRECTION ( 'NONE',  ( -0.5980431156508640989, -0.8014639304563911937, 0.000000000000000000 ) ) ;
#771 = ORIENTED_EDGE ( 'NONE', *, *, #2317, .T. ) ;
#772 = DIRECTION ( 'NONE',  ( -0.5980431156508589918, -0.8014639304563950795, 0.000000000000000000 ) ) ;
#773 = ORIENTED_EDGE ( 'NONE', *, *, #1019, .T. ) ;
#774 = FACE_OUTER_BOUND ( 'NONE', #1857, .T. ) ;
#775 = SURFACE_SIDE_STYLE ('',( #381 ) ) ;
#776 = EDGE_CURVE ( 'NONE', #1436, #863, #1473, .T. ) ;
#777 = CARTESIAN_POINT ( 'NONE',  ( 1.074499279513080774, 2.407088396313379786, 2.177284094204865461 ) ) ;
#778 = DIRECTION ( 'NONE',  ( -0.000000000000000000, -1.000000000000000000, 0.000000000000000000 ) ) ;
#779 = ORIENTED_EDGE ( 'NONE', *, *, #1114, .F. ) ;
#780 = CYLINDRICAL_SURFACE ( 'NONE', #2726, 0.1249999999999999029 ) ;
#781 = ORIENTED_EDGE ( 'NONE', *, *, #776, .T. ) ;
#782 = DIRECTION ( 'NONE',  ( 0.000000000000000000, -1.000000000000000000, -1.092739197465704972E-14 ) ) ;
#783 = AXIS2_PLACEMENT_3D ( 'NONE', #3, #652, #1955 ) ;
#784 = CYLINDRICAL_SURFACE ( 'NONE', #968, 1.359999999999999876 ) ;
#785 = DIRECTION ( 'NONE',  ( 0.000000000000000000, 1.000000000000000000, 1.047444401652940007E-14 ) ) ;
#786 = DIRECTION ( 'NONE',  ( -0.5980431156508589918, -0.8014639304563950795, 0.000000000000000000 ) ) ;
#787 = CARTESIAN_POINT ( 'NONE',  ( 1.430263821016529491, 2.183203907994290649, 2.729963835247838144 ) ) ;
#788 = VECTOR ( 'NONE', #2521, 39.37007874015748143 ) ;
#789 = EDGE_CURVE ( 'NONE', #2284, #669, #2041, .T. ) ;
#790 =( NAMED_UNIT ( * ) PLANE_ANGLE_UNIT ( ) SI_UNIT ( $, .RADIAN. ) );
#791 = CIRCLE ( 'NONE', #1649, 0.6600000000000000311 ) ;
#792 = CARTESIAN_POINT ( 'NONE',  ( 1.430263821016529047, 2.528203907994290844, 0.9299638352478384329 ) ) ;
#793 = CARTESIAN_POINT ( 'NONE',  ( 1.384656973683497050, 2.870368304750606558, 4.248680150374546827 ) ) ;
#794 = AXIS2_PLACEMENT_3D ( 'NONE', #2659, #1560, #486 ) ;
#795 = LINE ( 'NONE', #976, #2732 ) ;
#796 = EDGE_LOOP ( 'NONE', ( #2378, #1342 ) ) ;
#797 = CYLINDRICAL_SURFACE ( 'NONE', #2003, 0.1279527559055119446 ) ;
#798 = EDGE_CURVE ( 'NONE', #1151, #232, #588, .T. ) ;
#799 = CARTESIAN_POINT ( 'NONE',  ( 1.442036323293121480, 2.543980757019022931, 1.719963835247838357 ) ) ;
#800 = ORIENTED_EDGE ( 'NONE', *, *, #242, .T. ) ;
#801 = DIRECTION ( 'NONE',  ( -0.000000000000000000, 1.000000000000000000, -0.000000000000000000 ) ) ;
#802 = ORIENTED_EDGE ( 'NONE', *, *, #1460, .T. ) ;
#803 = DIRECTION ( 'NONE',  ( 0.000000000000000000, 1.000000000000000000, -0.000000000000000000 ) ) ;
#804 = EDGE_CURVE ( 'NONE', #1491, #2569, #1721, .T. ) ;
#805 = CARTESIAN_POINT ( 'NONE',  ( 1.182443744842544220, 2.245700003900828357, 2.152617111830334995 ) ) ;
#806 = CARTESIAN_POINT ( 'NONE',  ( 1.244896623664601965, 3.288203907994291075, 2.856529543354913159 ) ) ;
#807 = DIRECTION ( 'NONE',  ( -0.000000000000000000, -1.047444401652940007E-14, 1.000000000000000000 ) ) ;
#808 = ORIENTED_EDGE ( 'NONE', *, *, #2436, .F. ) ;
#809 = CARTESIAN_POINT ( 'NONE',  ( 1.757299177167103599, 2.640381697545099104, 4.176068797733454296 ) ) ;
#810 = CARTESIAN_POINT ( 'NONE',  ( 1.405366543120593947, 2.903203907994290844, 2.129963835247838499 ) ) ;
#811 = ORIENTED_EDGE ( 'NONE', *, *, #763, .F. ) ;
#812 = DIRECTION ( 'NONE',  ( 0.000000000000000000, 0.000000000000000000, -1.000000000000000000 ) ) ;
#813 = EDGE_CURVE ( 'NONE', #833, #829, #967, .T. ) ;
#814 = DIRECTION ( 'NONE',  ( 0.000000000000000000, -1.000000000000000000, 0.000000000000000000 ) ) ;
#815 = CARTESIAN_POINT ( 'NONE',  ( 1.286926668013074870, 2.214188964400053639, 2.743528934127736907 ) ) ;
#816 = EDGE_CURVE ( 'NONE', #2080, #1749, #2709, .T. ) ;
#817 = CARTESIAN_POINT ( 'NONE',  ( 1.085263821016529517, 2.528203907994290844, 4.167145494775028602 ) ) ;
#818 = CARTESIAN_POINT ( 'NONE',  ( 1.170941012017612248, 2.756022901768623967, 4.204393062541723403 ) ) ;
#819 = DIRECTION ( 'NONE',  ( -0.000000000000000000, -1.000000000000000000, 0.000000000000000000 ) ) ;
#820 = ORIENTED_EDGE ( 'NONE', *, *, #266, .F. ) ;
#821 = ADVANCED_FACE ( 'NONE', ( #1432 ), #2133, .T. ) ;
#822 = CARTESIAN_POINT ( 'NONE',  ( 1.055263821016529491, 2.528203907994290844, 4.797241541016585842 ) ) ;
#823 = DIRECTION ( 'NONE',  ( 0.000000000000000000, 0.000000000000000000, -1.000000000000000000 ) ) ;
#824 = VERTEX_POINT ( 'NONE', #171 ) ;
#825 = CARTESIAN_POINT ( 'NONE',  ( 1.430263821016529491, 1.768203907994290391, 4.149963835247838517 ) ) ;
#826 = CIRCLE ( 'NONE', #1592, 0.7600000000000001199 ) ;
#827 = CARTESIAN_POINT ( 'NONE',  ( 1.085263821016529739, 2.516773796357547610, 2.812782175720647260 ) ) ;
#828 = DIRECTION ( 'NONE',  ( 0.000000000000000000, 0.000000000000000000, 1.000000000000000000 ) ) ;
#829 = VERTEX_POINT ( 'NONE', #1847 ) ;
#830 = CARTESIAN_POINT ( 'NONE',  ( 1.728236707311785691, 2.757190361308155868, 4.816993401887059711 ) ) ;
#831 = CARTESIAN_POINT ( 'NONE',  ( 1.442036323293121480, 2.543980757019022931, 2.701774835247837903 ) ) ;
#832 = DIRECTION ( 'NONE',  ( -0.000000000000000000, -1.000000000000000000, -0.000000000000000000 ) ) ;
#833 = VERTEX_POINT ( 'NONE', #2288 ) ;
#834 = VECTOR ( 'NONE', #682, 39.37007874015748143 ) ;
#835 = CARTESIAN_POINT ( 'NONE',  ( 1.757308787156662166, 2.416084607723784305, 2.803864536619328440 ) ) ;
#836 = LINE ( 'NONE', #621, #1195 ) ;
#837 = ORIENTED_EDGE ( 'NONE', *, *, #2470, .F. ) ;
#838 = CARTESIAN_POINT ( 'NONE',  ( 1.103742401053938060, 2.640179380711464852, 2.803671269431084578 ) ) ;
#839 = AXIS2_PLACEMENT_3D ( 'NONE', #1753, #436, #2607 ) ;
#840 = CARTESIAN_POINT ( 'NONE',  ( 1.107667326313964029, 2.405382151869595475, 2.801810661409549930 ) ) ;
#841 = CARTESIAN_POINT ( 'NONE',  ( 1.712777506532147553, 2.776001108013370633, 2.159515184582512237 ) ) ;
#842 = ORIENTED_EDGE ( 'NONE', *, *, #1373, .F. ) ;
#843 = CARTESIAN_POINT ( 'NONE',  ( 1.430263821016521719, 2.528203907994234889, 5.749963835247865696 ) ) ;
#844 = EDGE_CURVE ( 'NONE', #2569, #1491, #1811, .T. ) ;
#845 = CARTESIAN_POINT ( 'NONE',  ( 1.085263821016529073, 2.551086064841793899, 2.812782175720647260 ) ) ;
#846 = FACE_OUTER_BOUND ( 'NONE', #398, .T. ) ;
#847 = VERTEX_POINT ( 'NONE', #1889 ) ;
#848 = ADVANCED_FACE ( 'NONE', ( #142 ), #997, .T. ) ;
#849 = CARTESIAN_POINT ( 'NONE',  ( 1.775263821016529464, 2.528203907994290844, 2.812782175720647260 ) ) ;
#850 = CARTESIAN_POINT ( 'NONE',  ( 1.201502716542580451, 2.825597730086586434, 2.149307095420831981 ) ) ;
#851 = VERTEX_POINT ( 'NONE', #2705 ) ;
#852 = CARTESIAN_POINT ( 'NONE',  ( 1.430263821016525272, 2.183203907994238691, 4.249963835247862143 ) ) ;
#853 = CARTESIAN_POINT ( 'NONE',  ( 1.088135837684532037, 2.482316073684770252, 2.811325419579687512 ) ) ;
#854 = CARTESIAN_POINT ( 'NONE',  ( 1.686975397388422948, 2.801831894989199156, 2.154383038292125185 ) ) ;
#855 = ORIENTED_EDGE ( 'NONE', *, *, #600, .F. ) ;
#856 = ADVANCED_FACE ( 'NONE', ( #774 ), #1672, .T. ) ;
#857 = CARTESIAN_POINT ( 'NONE',  ( 1.085263821016529073, 2.505427821826686774, 4.167145494775027714 ) ) ;
#858 = CARTESIAN_POINT ( 'NONE',  ( 1.373077431709820218, 2.187786689367128279, 4.247891818440800549 ) ) ;
#859 = DIRECTION ( 'NONE',  ( -0.5980431156508598800, -0.8014639304563944133, 0.000000000000000000 ) ) ;
#860 = ORIENTED_EDGE ( 'NONE', *, *, #1564, .T. ) ;
#861 = LINE ( 'NONE', #2304, #105 ) ;
#862 = CARTESIAN_POINT ( 'NONE',  ( 1.182601896285363274, 2.810051915575078052, 2.152669661177611715 ) ) ;
#863 = VERTEX_POINT ( 'NONE', #787 ) ;
#864 = FACE_OUTER_BOUND ( 'NONE', #1171, .T. ) ;
#865 = CARTESIAN_POINT ( 'NONE',  ( 1.317990036975934753, 2.201212632355756593, 2.738008383387522837 ) ) ;
#866 = CARTESIAN_POINT ( 'NONE',  ( 1.563000328653501025, 2.879141196137149805, 2.136408828611642274 ) ) ;
#867 = CARTESIAN_POINT ( 'NONE',  ( 1.766233771632718330, 2.448969388217315135, 4.171675252495782082 ) ) ;
#868 = ORIENTED_EDGE ( 'NONE', *, *, #716, .T. ) ;
#869 = AXIS2_PLACEMENT_3D ( 'NONE', #2528, #1060, #591 ) ;
#870 = CARTESIAN_POINT ( 'NONE',  ( 1.096567687713304373, 2.437642613258404367, 4.172805355427328777 ) ) ;
#871 = EDGE_CURVE ( 'NONE', #2148, #1440, #1648, .T. ) ;
#872 = AXIS2_PLACEMENT_3D ( 'NONE', #758, #594, #772 ) ;
#873 = CARTESIAN_POINT ( 'NONE',  ( 1.120547326189601511, 2.681839376075739523, 2.795869966909002358 ) ) ;
#874 = DIRECTION ( 'NONE',  ( 0.000000000000000000, 1.047444401652940007E-14, -1.000000000000000000 ) ) ;
#875 = ORIENTED_EDGE ( 'NONE', *, *, #154, .F. ) ;
#876 = CARTESIAN_POINT ( 'NONE',  ( 1.704275429076202109, 2.739009625390901537, 2.780952259571788154 ) ) ;
#877 = DIRECTION ( 'NONE',  ( -0.000000000000000000, -1.000000000000000000, -0.000000000000000000 ) ) ;
#878 = ORIENTED_EDGE ( 'NONE', *, *, #1848, .F. ) ;
#879 = CARTESIAN_POINT ( 'NONE',  ( 1.087517785664210201, 2.573697437029271562, 2.811620112714641184 ) ) ;
#880 = AXIS2_PLACEMENT_3D ( 'NONE', #33, #276, #2202 ) ;
#881 = CIRCLE ( 'NONE', #1109, 0.1400000000000001521 ) ;
#882 = EDGE_CURVE ( 'NONE', #2540, #1208, #2746, .T. ) ;
#883 = CARTESIAN_POINT ( 'NONE',  ( 1.805263821016529269, 2.515933299872535667, 4.797241541016584065 ) ) ;
#884 = CARTESIAN_POINT ( 'NONE',  ( 1.430263821016529491, 3.028203907994290844, 4.249963835247838162 ) ) ;
#885 = CIRCLE ( 'NONE', #1423, 0.6499999999999999112 ) ;
#886 = FACE_OUTER_BOUND ( 'NONE', #2013, .T. ) ;
#887 = AXIS2_PLACEMENT_3D ( 'NONE', #924, #1164, #1818 ) ;
#888 = CARTESIAN_POINT ( 'NONE',  ( 1.384363613370171109, 2.186077724418001633, 4.248662903675760383 ) ) ;
#889 = EDGE_CURVE ( 'NONE', #1036, #1033, #1962, .T. ) ;
#890 = CARTESIAN_POINT ( 'NONE',  ( 1.170716531698311025, 2.755765805679453617, 2.775616403148134292 ) ) ;
#891 = DIRECTION ( 'NONE',  ( 0.000000000000000000, 1.000000000000000000, 1.047444401652940007E-14 ) ) ;
#892 = ORIENTED_EDGE ( 'NONE', *, *, #1325, .T. ) ;
#893 = DIRECTION ( 'NONE',  ( -0.000000000000000000, -0.000000000000000000, 1.000000000000000000 ) ) ;
#894 = CYLINDRICAL_SURFACE ( 'NONE', #296, 0.3450000000000000289 ) ;
#895 = ORIENTED_EDGE ( 'NONE', *, *, #1105, .T. ) ;
#896 = CARTESIAN_POINT ( 'NONE',  ( 1.632140792277936514, 2.248212578692427854, 2.757203827731618428 ) ) ;
#897 = CARTESIAN_POINT ( 'NONE',  ( 1.430263821016529491, 2.528203907994290844, 1.529963835247838411 ) ) ;
#898 = CARTESIAN_POINT ( 'NONE',  ( 1.802866344183603475, 2.577227365543142135, 2.181991160005229968 ) ) ;
#899 = DIRECTION ( 'NONE',  ( -0.2990215578254300510, -0.4007319652281974287, -0.8660254037844385966 ) ) ;
#900 = ADVANCED_FACE ( 'NONE', ( #1875 ), #2735, .F. ) ;
#901 = CARTESIAN_POINT ( 'NONE',  ( 1.430263821016529713, 2.903203907994291733, 4.849963835247838695 ) ) ;
#902 = FACE_OUTER_BOUND ( 'NONE', #2550, .T. ) ;
#903 = FACE_OUTER_BOUND ( 'NONE', #55, .T. ) ;
#904 = ORIENTED_EDGE ( 'NONE', *, *, #889, .T. ) ;
#905 = CARTESIAN_POINT ( 'NONE',  ( 1.344872414674435523, 2.162846459658424259, 4.847334698747005177 ) ) ;
#906 = CARTESIAN_POINT ( 'NONE',  ( 1.430263821016529491, 2.528203907994290844, 1.529963835247838411 ) ) ;
#907 = ORIENTED_EDGE ( 'NONE', *, *, #1552, .F. ) ;
#908 = CARTESIAN_POINT ( 'NONE',  ( 1.430263821016529047, 2.528203907994290844, 1.719963835247838357 ) ) ;
#909 = EDGE_CURVE ( 'NONE', #1292, #960, #325, .T. ) ;
#910 = CARTESIAN_POINT ( 'NONE',  ( 1.430263821016521719, 2.528203907994234889, 5.749963835247865696 ) ) ;
#911 = FACE_BOUND ( 'NONE', #2255, .T. ) ;
#912 = DIRECTION ( 'NONE',  ( -0.5980431156508640989, -0.8014639304563911937, 0.000000000000000000 ) ) ;
#913 = VERTEX_POINT ( 'NONE', #583 ) ;
#914 = CARTESIAN_POINT ( 'NONE',  ( 1.597104665255582256, 2.864955842770444683, 4.839886964680271575 ) ) ;
#915 = CARTESIAN_POINT ( 'NONE',  ( 1.418491318739938167, 2.512427058969558757, 1.719963835247838357 ) ) ;
#916 = CIRCLE ( 'NONE', #1957, 1.359999999999999876 ) ;
#917 = CARTESIAN_POINT ( 'NONE',  ( 1.690174835032628886, 2.756183826484744692, 2.775592238708450843 ) ) ;
#918 = ORIENTED_EDGE ( 'NONE', *, *, #1303, .T. ) ;
#919 = DIRECTION ( 'NONE',  ( 1.000000000000000000, 0.000000000000000000, 0.000000000000000000 ) ) ;
#920 = ORIENTED_EDGE ( 'NONE', *, *, #408, .F. ) ;
#921 = DIRECTION ( 'NONE',  ( 0.000000000000000000, 1.047444401652940007E-14, -1.000000000000000000 ) ) ;
#922 = CARTESIAN_POINT ( 'NONE',  ( 1.430263821016529713, 2.153203907994290844, 4.849963835247838695 ) ) ;
#923 = CARTESIAN_POINT ( 'NONE',  ( 1.085263821016529517, 2.528203907994290844, 1.229963835247838366 ) ) ;
#924 = CARTESIAN_POINT ( 'NONE',  ( 1.430263821016529491, 3.028203907994290844, 3.489963835247838375 ) ) ;
#925 = VECTOR ( 'NONE', #1943, 39.37007874015748854 ) ;
#926 = CARTESIAN_POINT ( 'NONE',  ( 1.479696855456980931, 2.900136575759958646, 4.849120752470208906 ) ) ;
#927 = CIRCLE ( 'NONE', #1836, 0.1279527559055117225 ) ;
#928 = DIRECTION ( 'NONE',  ( -0.000000000000000000, -0.000000000000000000, -1.000000000000000000 ) ) ;
#929 = DIRECTION ( 'NONE',  ( 0.000000000000000000, 0.000000000000000000, 1.000000000000000000 ) ) ;
#930 = ORIENTED_EDGE ( 'NONE', *, *, #1102, .T. ) ;
#931 = EDGE_CURVE ( 'NONE', #722, #651, #2047, .T. ) ;
#932 = CARTESIAN_POINT ( 'NONE',  ( 1.430263821016529491, 2.028203907994290844, 3.489963835247838375 ) ) ;
#933 = ORIENTED_EDGE ( 'NONE', *, *, #2651, .F. ) ;
#934 = CARTESIAN_POINT ( 'NONE',  ( 1.542559083202233561, 2.201202210245723823, 2.738004956469386908 ) ) ;
#935 = CARTESIAN_POINT ( 'NONE',  ( 1.755455996142036401, 2.339870643573648934, 4.810586470796529568 ) ) ;
#936 = CARTESIAN_POINT ( 'NONE',  ( 1.430263821016521719, 2.528203907994231781, 6.049963835247866406 ) ) ;
#937 = ORIENTED_EDGE ( 'NONE', *, *, #645, .T. ) ;
#938 = DIRECTION ( 'NONE',  ( 0.000000000000000000, 1.000000000000000000, -0.000000000000000000 ) ) ;
#939 = VECTOR ( 'NONE', #1470, 39.37007874015748143 ) ;
#940 = CARTESIAN_POINT ( 'NONE',  ( 1.805263821016529491, 2.528203907994290844, 2.182686129479090908 ) ) ;
#941 = ADVANCED_FACE ( 'NONE', ( #1250 ), #625, .F. ) ;
#942 = CARTESIAN_POINT ( 'NONE',  ( 1.430263821016529713, 2.528203907994290844, 1.719963835247838357 ) ) ;
#943 = CARTESIAN_POINT ( 'NONE',  ( 1.430263821016521719, 2.403203907994235333, 5.749963835247864807 ) ) ;
#944 = ORIENTED_EDGE ( 'NONE', *, *, #2182, .T. ) ;
#945 = DIRECTION ( 'NONE',  ( -0.000000000000000000, 0.000000000000000000, -1.000000000000000000 ) ) ;
#946 = VERTEX_POINT ( 'NONE', #1309 ) ;
#947 = CARTESIAN_POINT ( 'NONE',  ( 1.430263821016530601, 3.288203907994291075, 3.489963835247838375 ) ) ;
#948 = CARTESIAN_POINT ( 'NONE',  ( 1.430263821016521719, 2.528203907994257538, 3.599963835247866228 ) ) ;
#949 = ORIENTED_EDGE ( 'NONE', *, *, #1419, .T. ) ;
#950 = CARTESIAN_POINT ( 'NONE',  ( 1.430263821016529491, 3.028203907994290844, 3.489963835247838375 ) ) ;
#951 = CYLINDRICAL_SURFACE ( 'NONE', #1140, 0.1279527559055119446 ) ;
#952 = CARTESIAN_POINT ( 'NONE',  ( 1.596659589699328086, 2.191251402382327296, 2.139989897151575615 ) ) ;
#953 = CARTESIAN_POINT ( 'NONE',  ( 1.309231070104914352, 2.883350882266168203, 4.844619616990853750 ) ) ;
#954 = ADVANCED_FACE ( 'NONE', ( #1752 ), #434, .F. ) ;
#955 = CARTESIAN_POINT ( 'NONE',  ( 1.613552573852325089, 2.820700071573371659, 2.752334994140327673 ) ) ;
#956 = PLANE ( 'NONE',  #2641 ) ;
#957 = EDGE_LOOP ( 'NONE', ( #949, #2091, #2117, #933, #944, #1595, #412, #1412, #1422, #2089 ) ) ;
#958 = AXIS2_PLACEMENT_3D ( 'NONE', #681, #2600, #532 ) ;
#959 = CIRCLE ( 'NONE', #14, 0.3449999999999997513 ) ;
#960 = VERTEX_POINT ( 'NONE', #1051 ) ;
#961 = AXIS2_PLACEMENT_3D ( 'NONE', #910, #2391, #461 ) ;
#962 = DIRECTION ( 'NONE',  ( -0.000000000000000000, 0.000000000000000000, -1.000000000000000000 ) ) ;
#963 = DIRECTION ( 'NONE',  ( 0.000000000000000000, 1.000000000000000000, -0.000000000000000000 ) ) ;
#964 = VERTEX_POINT ( 'NONE', #1039 ) ;
#965 = LINE ( 'NONE', #2744, #1496 ) ;
#966 = EDGE_CURVE ( 'NONE', #1377, #1581, #1483, .T. ) ;
#967 = LINE ( 'NONE', #1444, #1442 ) ;
#968 = AXIS2_PLACEMENT_3D ( 'NONE', #2701, #1413, #2059 ) ;
#969 = AXIS2_PLACEMENT_3D ( 'NONE', #2098, #2112, #1906 ) ;
#970 = CIRCLE ( 'NONE', #741, 0.1249999999999999029 ) ;
#971 = EDGE_CURVE ( 'NONE', #2540, #110, #2545, .T. ) ;
#972 = CARTESIAN_POINT ( 'NONE',  ( 1.256384455258828803, 2.827017219081862542, 4.230053613887095665 ) ) ;
#973 = DIRECTION ( 'NONE',  ( 0.000000000000000000, -1.000000000000000000, 0.000000000000000000 ) ) ;
#974 = ORIENTED_EDGE ( 'NONE', *, *, #515, .F. ) ;
#975 = AXIS2_PLACEMENT_3D ( 'NONE', #2084, #315, #987 ) ;
#976 = CARTESIAN_POINT ( 'NONE',  ( 1.430263821016529047, 2.668203907994290969, 1.719963835247838357 ) ) ;
#977 = VERTEX_POINT ( 'NONE', #1094 ) ;
#978 = FACE_OUTER_BOUND ( 'NONE', #1611, .T. ) ;
#979 = LINE ( 'NONE', #1427, #605 ) ;
#980 = ORIENTED_EDGE ( 'NONE', *, *, #2034, .T. ) ;
#981 = CARTESIAN_POINT ( 'NONE',  ( 1.520908988297742237, 2.861873023197121224, 4.244876831562275576 ) ) ;
#982 = EDGE_LOOP ( 'NONE', ( #207, #8, #2239, #2363 ) ) ;
#983 = CARTESIAN_POINT ( 'NONE',  ( 1.430263821016529491, 3.028203907994290844, 3.489963835247838375 ) ) ;
#984 = EDGE_CURVE ( 'NONE', #2099, #395, #1688, .T. ) ;
#985 =( LENGTH_UNIT ( ) NAMED_UNIT ( * ) SI_UNIT ( $, .METRE. ) );
#986 = CARTESIAN_POINT ( 'NONE',  ( 1.125369525354673383, 2.309542963396614468, 2.164562830536904237 ) ) ;
#987 = DIRECTION ( 'NONE',  ( 0.000000000000000000, -1.000000000000000000, 0.000000000000000000 ) ) ;
#988 = VERTEX_POINT ( 'NONE', #884 ) ;
#989 = FACE_OUTER_BOUND ( 'NONE', #1204, .T. ) ;
#990 = ORIENTED_EDGE ( 'NONE', *, *, #2460, .T. ) ;
#991 = CARTESIAN_POINT ( 'NONE',  ( 1.044082159866679183, 3.028203907994290844, 2.170309060470911433 ) ) ;
#992 = EDGE_CURVE ( 'NONE', #2113, #2674, #2456, .T. ) ;
#993 = DIRECTION ( 'NONE',  ( -0.5980431156508640989, -0.8014639304563911937, 0.000000000000000000 ) ) ;
#994 = ORIENTED_EDGE ( 'NONE', *, *, #2384, .F. ) ;
#995 = CARTESIAN_POINT ( 'NONE',  ( 1.475747953926930700, 2.870383105581783223, 4.248686833785933814 ) ) ;
#996 = ORIENTED_EDGE ( 'NONE', *, *, #1933, .T. ) ;
#997 = CYLINDRICAL_SURFACE ( 'NONE', #2527, 1.375000000000000222 ) ;
#998 = SURFACE_STYLE_USAGE ( .BOTH. , #775 ) ;
#999 = CARTESIAN_POINT ( 'NONE',  ( 1.430263821016529047, 2.528203907994290844, 1.719963835247838357 ) ) ;
#1000 = LINE ( 'NONE', #2454, #1112 ) ;
#1001 = AXIS2_PLACEMENT_3D ( 'NONE', #115, #803, #2262 ) ;
#1002 = DIRECTION ( 'NONE',  ( -0.2808593899271646377, 0.000000000000000000, -0.9597489271104922004 ) ) ;
#1003 = VERTEX_POINT ( 'NONE', #1067 ) ;
#1004 = DIRECTION ( 'NONE',  ( 0.000000000000000000, 0.000000000000000000, 1.000000000000000000 ) ) ;
#1005 = CIRCLE ( 'NONE', #1635, 0.1400000000000001521 ) ;
#1006 = DIRECTION ( 'NONE',  ( 1.000000000000000000, 0.000000000000000000, -0.000000000000000000 ) ) ;
#1007 = VERTEX_POINT ( 'NONE', #2175 ) ;
#1008 = CARTESIAN_POINT ( 'NONE',  ( 1.763908979656886533, 2.618864425215834846, 4.172829933978161598 ) ) ;
#1009 = EDGE_LOOP ( 'NONE', ( #261, #2647 ) ) ;
#1010 = DIRECTION ( 'NONE',  ( 1.000000000000000000, 0.000000000000000000, 0.000000000000000000 ) ) ;
#1011 = APPLICATION_PROTOCOL_DEFINITION ( 'draft international standard', 'automotive_design', 1998, #1490 ) ;
#1012 = VECTOR ( 'NONE', #1336, 39.37007874015748143 ) ;
#1013 = CARTESIAN_POINT ( 'NONE',  ( 1.085263821016529739, 2.539585748113220021, 4.167145494775029491 ) ) ;
#1014 = CARTESIAN_POINT ( 'NONE',  ( 1.682027334381766437, 2.292061437139486735, 4.207099659174831530 ) ) ;
#1015 = AXIS2_PLACEMENT_3D ( 'NONE', #1637, #2500, #1002 ) ;
#1016 = VECTOR ( 'NONE', #2498, 39.37007874015748143 ) ;
#1017 = CARTESIAN_POINT ( 'NONE',  ( 1.430263821016521719, 2.528203907994257538, 3.599963835247866228 ) ) ;
#1018 = ORIENTED_EDGE ( 'NONE', *, *, #1419, .F. ) ;
#1019 = EDGE_CURVE ( 'NONE', #1058, #2689, #1238, .T. ) ;
#1020 = CIRCLE ( 'NONE', #2597, 1.375000000000000000 ) ;
#1021 = CARTESIAN_POINT ( 'NONE',  ( 1.542540394083116606, 2.855203218455508729, 4.241922228444617637 ) ) ;
#1022 = CARTESIAN_POINT ( 'NONE',  ( 1.093352765671078419, 2.694680756717742209, 2.172320038683162036 ) ) ;
#1023 = EDGE_LOOP ( 'NONE', ( #1706, #609, #1724, #498 ) ) ;
#1024 = CARTESIAN_POINT ( 'NONE',  ( 1.430263821016529491, 2.528203907994290844, 2.129963835247838499 ) ) ;
#1025 = CARTESIAN_POINT ( 'NONE',  ( 1.339672514057586694, 2.194515641561914254, 2.735042397592085894 ) ) ;
#1026 = DIRECTION ( 'NONE',  ( 0.000000000000000000, 0.000000000000000000, 1.000000000000000000 ) ) ;
#1027 =( NAMED_UNIT ( * ) SI_UNIT ( $, .STERADIAN. ) SOLID_ANGLE_UNIT ( ) );
#1028 = CARTESIAN_POINT ( 'NONE',  ( 1.150095432790355199, 2.729834021178533021, 4.196469762178549168 ) ) ;
#1029 = B_SPLINE_CURVE_WITH_KNOTS ( 'NONE', 3,
 ( #2413, #1168, #1157, #98, #1591, #953, #1117, #1129, #2005, #1327, #2022, #2452, #2425, #1141, #2652, #312, #53, #749, #718, #2195, #2035, #489, #1823, #1576 ),
 .UNSPECIFIED., .F., .F.,
 ( 4, 2, 2, 2, 2, 2, 2, 2, 2, 2, 2, 4 ),
 ( 0.04488475631547678146, 0.04675432285151288198, 0.04768910611953092182, 0.04862388938754896167, 0.05049345592358506218, 0.05142823919160310897, 0.05236302245962115576, 0.05329780572763920948, 0.05423258899565725627, 0.05610215553169335678, 0.05797172206772945036, 0.05984128860376554393 ),
 .UNSPECIFIED. ) ;
#1030 = ADVANCED_FACE ( 'NONE', ( #1717 ), #2135, .T. ) ;
#1031 = CYLINDRICAL_SURFACE ( 'NONE', #839, 0.1249999999999999029 ) ;
#1032 = CARTESIAN_POINT ( 'NONE',  ( 1.430263821016529713, 2.903203907994291733, 4.849963835247838695 ) ) ;
#1033 = VERTEX_POINT ( 'NONE', #405 ) ;
#1034 = CARTESIAN_POINT ( 'NONE',  ( 1.441647024168729585, 2.873203907994290596, 4.249963835247838162 ) ) ;
#1035 = FACE_OUTER_BOUND ( 'NONE', #1320, .T. ) ;
#1036 = VERTEX_POINT ( 'NONE', #1080 ) ;
#1037 = DIRECTION ( 'NONE',  ( -0.000000000000000000, -0.000000000000000000, 1.000000000000000000 ) ) ;
#1038 = FACE_OUTER_BOUND ( 'NONE', #1924, .T. ) ;
#1039 = CARTESIAN_POINT ( 'NONE',  ( 1.430263821016521719, 2.778203907994257094, 3.599963835247868893 ) ) ;
#1040 = VERTEX_POINT ( 'NONE', #637 ) ;
#1041 = CARTESIAN_POINT ( 'NONE',  ( 1.430263821016529713, 1.528203907994290622, 4.864963835247838375 ) ) ;
#1042 = CARTESIAN_POINT ( 'NONE',  ( 1.120982773580922132, 2.374919929226163351, 4.184210704533843028 ) ) ;
#1043 = DIRECTION ( 'NONE',  ( -0.000000000000000000, -1.000000000000000000, -0.000000000000000000 ) ) ;
#1044 = VERTEX_POINT ( 'NONE', #239 ) ;
#1045 = CARTESIAN_POINT ( 'NONE',  ( 1.453020521101271223, 2.872641917234684428, 4.249708218220496825 ) ) ;
#1046 = CARTESIAN_POINT ( 'NONE',  ( 1.430263821016529713, 2.528203907994290844, 3.360279772404705323 ) ) ;
#1047 = ORIENTED_EDGE ( 'NONE', *, *, #2201, .F. ) ;
#1048 = DIRECTION ( 'NONE',  ( 0.000000000000000000, 0.000000000000000000, -1.000000000000000000 ) ) ;
#1049 = VECTOR ( 'NONE', #2699, 39.37007874015748143 ) ;
#1050 = CYLINDRICAL_SURFACE ( 'NONE', #1364, 0.1400000000000001521 ) ;
#1051 = CARTESIAN_POINT ( 'NONE',  ( 1.430263821016529491, 2.873203907994290596, 2.729963835247838144 ) ) ;
#1052 = EDGE_LOOP ( 'NONE', ( #2730, #285 ) ) ;
#1053 = EDGE_CURVE ( 'NONE', #2072, #2643, #1554, .T. ) ;
#1054 = CARTESIAN_POINT ( 'NONE',  ( 1.677699597940432774, 2.810251324420900421, 4.827300028186082059 ) ) ;
#1055 = ADVANCED_FACE ( 'NONE', ( #1533 ), #2621, .T. ) ;
#1056 = CARTESIAN_POINT ( 'NONE',  ( 1.384363613370171109, 2.186077724418001633, 4.248662903675760383 ) ) ;
#1057 = DIRECTION ( 'NONE',  ( 0.000000000000000000, -1.000000000000000000, -0.000000000000000000 ) ) ;
#1058 = VERTEX_POINT ( 'NONE', #923 ) ;
#1059 = VECTOR ( 'NONE', #135, 39.37007874015748143 ) ;
#1060 = DIRECTION ( 'NONE',  ( 0.000000000000000000, 1.047444401652940007E-14, -1.000000000000000000 ) ) ;
#1061 = CARTESIAN_POINT ( 'NONE',  ( 1.475793307139668054, 2.185461207586179011, 4.248931176065672055 ) ) ;
#1062 = VERTEX_POINT ( 'NONE', #1790 ) ;
#1063 = LINE ( 'NONE', #635, #1230 ) ;
#1064 = EDGE_CURVE ( 'NONE', #2158, #1033, #2219, .T. ) ;
#1065 = AXIS2_PLACEMENT_3D ( 'NONE', #80, #1361, #65 ) ;
#1066 = DIRECTION ( 'NONE',  ( 0.000000000000000000, -1.000000000000000000, 0.000000000000000000 ) ) ;
#1067 = CARTESIAN_POINT ( 'NONE',  ( 1.506785085814376091, 2.630753426655049854, 1.719963835247838357 ) ) ;
#1068 = ORIENTED_EDGE ( 'NONE', *, *, #1087, .T. ) ;
#1069 = ADVANCED_FACE ( 'NONE', ( #1323 ), #2606, .T. ) ;
#1070 = CARTESIAN_POINT ( 'NONE',  ( 1.116177665962525989, 2.385024783510357071, 4.182042178940011290 ) ) ;
#1071 = CARTESIAN_POINT ( 'NONE',  ( 1.307327372775681562, 2.850755229710045580, 2.739898023631511137 ) ) ;
#1072 = CARTESIAN_POINT ( 'NONE',  ( 1.775263821016530130, 2.539581789353906327, 2.812782175720647704 ) ) ;
#1073 = VERTEX_POINT ( 'NONE', #2646 ) ;
#1074 = CARTESIAN_POINT ( 'NONE',  ( 1.430263821016529713, 2.528203907994290844, 1.719963835247838357 ) ) ;
#1075 = CARTESIAN_POINT ( 'NONE',  ( 1.584093534387284619, 2.218580366472794996, 4.234530920601997650 ) ) ;
#1076 = ORIENTED_EDGE ( 'NONE', *, *, #1398, .T. ) ;
#1077 = CARTESIAN_POINT ( 'NONE',  ( 1.430263821016529047, 2.668203907994290969, 1.229963835247838366 ) ) ;
#1078 = ADVANCED_FACE ( 'NONE', ( #1136, #1359 ), #713, .F. ) ;
#1079 = CARTESIAN_POINT ( 'NONE',  ( 1.103782225700398634, 2.416118236105422756, 2.803652392473452881 ) ) ;
#1080 = CARTESIAN_POINT ( 'NONE',  ( 1.430263821016529491, 2.028203907994290844, 2.129963835247838499 ) ) ;
#1081 = CARTESIAN_POINT ( 'NONE',  ( 1.373187265657431766, 2.868641422656569517, 4.247900912556426434 ) ) ;
#1082 = VERTEX_POINT ( 'NONE', #2392 ) ;
#1083 = CARTESIAN_POINT ( 'NONE',  ( 1.137427526019728852, 2.345453866571830748, 4.191314182535070820 ) ) ;
#1084 = CARTESIAN_POINT ( 'NONE',  ( 1.775263821016529464, 2.528203907994290844, 2.812782175720647260 ) ) ;
#1085 = CARTESIAN_POINT ( 'NONE',  ( 1.430263821016530601, 3.528203907994290844, 3.489963835247838375 ) ) ;
#1086 = ORIENTED_EDGE ( 'NONE', *, *, #2246, .T. ) ;
#1087 = EDGE_CURVE ( 'NONE', #2517, #829, #1505, .T. ) ;
#1088 = CARTESIAN_POINT ( 'NONE',  ( 1.573899852806999178, 2.842086057561176826, 2.743585016915884189 ) ) ;
#1089 = DIRECTION ( 'NONE',  ( -0.000000000000000000, -0.000000000000000000, 1.000000000000000000 ) ) ;
#1090 = ORIENTED_EDGE ( 'NONE', *, *, #1640, .F. ) ;
#1091 = CARTESIAN_POINT ( 'NONE',  ( 1.085263821016529517, 2.528203907994290844, 5.749963835247865696 ) ) ;
#1092 = ADVANCED_FACE ( 'NONE', ( #911, #1111 ), #2190, .F. ) ;
#1093 = CARTESIAN_POINT ( 'NONE',  ( 1.418491318739938167, 2.512427058969558757, 2.701774835247837903 ) ) ;
#1094 = CARTESIAN_POINT ( 'NONE',  ( 1.430263821016529491, 2.873203907994290596, 2.729963835247838144 ) ) ;
#1095 = CARTESIAN_POINT ( 'NONE',  ( 1.631821214449237667, 2.247978629896892233, 4.222812985874492497 ) ) ;
#1096 = AXIS2_PLACEMENT_3D ( 'NONE', #400, #1290, #2156 ) ;
#1097 = AXIS2_PLACEMENT_3D ( 'NONE', #1530, #921, #1124 ) ;
#1098 = CARTESIAN_POINT ( 'NONE',  ( 1.418491318739938167, 2.512427058969558757, 3.326184284066735941 ) ) ;
#1099 = CARTESIAN_POINT ( 'NONE',  ( 1.178171920377508508, 2.763995909266065976, 2.772943475663764534 ) ) ;
#1100 = FACE_OUTER_BOUND ( 'NONE', #43, .T. ) ;
#1101 = ORIENTED_EDGE ( 'NONE', *, *, #804, .F. ) ;
#1102 = EDGE_CURVE ( 'NONE', #1082, #1638, #1104, .T. ) ;
#1103 = CARTESIAN_POINT ( 'NONE',  ( 1.332770755141398311, 2.165889589041122498, 4.846516340015612379 ) ) ;
#1104 = CIRCLE ( 'NONE', #1918, 0.6499999999999999112 ) ;
#1105 = EDGE_CURVE ( 'NONE', #1698, #2617, #1975, .T. ) ;
#1106 =( NAMED_UNIT ( * ) SI_UNIT ( $, .STERADIAN. ) SOLID_ANGLE_UNIT ( ) );
#1107 = ORIENTED_EDGE ( 'NONE', *, *, #813, .T. ) ;
#1108 = FACE_BOUND ( 'NONE', #79, .T. ) ;
#1109 = AXIS2_PLACEMENT_3D ( 'NONE', #999, #357, #1214 ) ;
#1110 = CARTESIAN_POINT ( 'NONE',  ( 1.658876624541628209, 2.230696417482336269, 4.830645852149357822 ) ) ;
#1111 = FACE_OUTER_BOUND ( 'NONE', #542, .T. ) ;
#1112 = VECTOR ( 'NONE', #1385, 39.37007874015748854 ) ;
#1113 = DIRECTION ( 'NONE',  ( 0.000000000000000000, 0.000000000000000000, 1.000000000000000000 ) ) ;
#1114 = EDGE_CURVE ( 'NONE', #988, #2768, #514, .T. ) ;
#1115 = CARTESIAN_POINT ( 'NONE',  ( 1.442626096351230292, 2.903203907994291733, 4.849963835247838695 ) ) ;
#1116 = B_SPLINE_CURVE_WITH_KNOTS ( 'NONE', 3,
 ( #1431, #827, #2161, #853, #596, #2757, #2532, #1079, #840, #2326, #1716, #1942, #1295, #393, #2774, #5, #1687, #636, #1915, #865, #1025, #1704, #433, #224 ),
 .UNSPECIFIED., .F., .F.,
 ( 4, 2, 2, 2, 2, 2, 2, 2, 2, 2, 2, 4 ),
 ( 0.01389803616481754406, 0.01476583080691594094, 0.01563362544901433782, 0.01650142009111273816, 0.01736921473321113504, 0.01910480401740791145, 0.02084039330160468440, 0.02257598258580146428, 0.02344377722789984034, 0.02431157186999821987, 0.02604716115419499628, 0.02778275043839177616 ),
 .UNSPECIFIED. ) ;
#1117 = CARTESIAN_POINT ( 'NONE',  ( 1.297664621380171024, 2.879191324421576770, 4.843531922517890997 ) ) ;
#1118 = EDGE_CURVE ( 'NONE', #2296, #365, #78, .T. ) ;
#1119 = FACE_BOUND ( 'NONE', #1193, .T. ) ;
#1120 = ORIENTED_EDGE ( 'NONE', *, *, #1165, .F. ) ;
#1121 = CARTESIAN_POINT ( 'NONE',  ( 1.430263821016529491, 2.528203907994290844, 2.129963835247838499 ) ) ;
#1122 = FILL_AREA_STYLE ('',( #696 ) ) ;
#1123 = ORIENTED_EDGE ( 'NONE', *, *, #447, .T. ) ;
#1124 = DIRECTION ( 'NONE',  ( 0.000000000000000000, 1.000000000000000000, 1.092739197465706076E-14 ) ) ;
#1125 = CARTESIAN_POINT ( 'NONE',  ( 1.430263821016529491, 2.528203907994290844, 5.749963835247865696 ) ) ;
#1126 = DIRECTION ( 'NONE',  ( -0.000000000000000000, -1.000000000000000000, -0.000000000000000000 ) ) ;
#1127 = CARTESIAN_POINT ( 'NONE',  ( 1.430263821016529491, 2.028203907994290844, 3.489963835247838375 ) ) ;
#1128 = DIRECTION ( 'NONE',  ( -0.000000000000000000, -1.000000000000000000, -0.000000000000000000 ) ) ;
#1129 = CARTESIAN_POINT ( 'NONE',  ( 1.263767389049865519, 2.865105666791105232, 4.839925092700365639 ) ) ;
#1130 = CARTESIAN_POINT ( 'NONE',  ( 1.573899852806999178, 2.842086057561176826, 2.743585016915884189 ) ) ;
#1131 = ORIENTED_EDGE ( 'NONE', *, *, #1188, .F. ) ;
#1132 = CYLINDRICAL_SURFACE ( 'NONE', #2639, 0.1400000000000001521 ) ;
#1133 = ORIENTED_EDGE ( 'NONE', *, *, #1144, .F. ) ;
#1134 = DIRECTION ( 'NONE',  ( 0.000000000000000000, 1.000000000000000000, 8.741913579725648610E-15 ) ) ;
#1135 = CARTESIAN_POINT ( 'NONE',  ( 1.430263821016529047, 2.528203907994290844, 1.719963835247838357 ) ) ;
#1136 = FACE_BOUND ( 'NONE', #766, .T. ) ;
#1137 = DIRECTION ( 'NONE',  ( -0.000000000000000000, -1.000000000000000000, -0.000000000000000000 ) ) ;
#1138 = CARTESIAN_POINT ( 'NONE',  ( 1.156351766180481189, 2.317264383979736664, 2.780913185543175015 ) ) ;
#1139 = EDGE_CURVE ( 'NONE', #946, #710, #295, .T. ) ;
#1140 = AXIS2_PLACEMENT_3D ( 'NONE', #2717, #2677, #786 ) ;
#1141 = CARTESIAN_POINT ( 'NONE',  ( 1.156574158948441733, 2.784849134122440173, 4.822169086802295723 ) ) ;
#1142 = FACE_OUTER_BOUND ( 'NONE', #277, .T. ) ;
#1143 = ORIENTED_EDGE ( 'NONE', *, *, #1064, .T. ) ;
#1144 = EDGE_CURVE ( 'NONE', #1903, #1007, #702, .T. ) ;
#1145 = ORIENTED_EDGE ( 'NONE', *, *, #399, .F. ) ;
#1146 = CARTESIAN_POINT ( 'NONE',  ( 1.775263821016529464, 2.528203907994290844, 1.229963835247838366 ) ) ;
#1147 = AXIS2_PLACEMENT_3D ( 'NONE', #2381, #2147, #1902 ) ;
#1148 = DIRECTION ( 'NONE',  ( 0.000000000000000000, 0.000000000000000000, 1.000000000000000000 ) ) ;
#1149 = ADVANCED_FACE ( 'NONE', ( #268 ), #727, .F. ) ;
#1150 = FACE_OUTER_BOUND ( 'NONE', #75, .T. ) ;
#1151 = VERTEX_POINT ( 'NONE', #1986 ) ;
#1152 = DIRECTION ( 'NONE',  ( 0.000000000000000000, 1.000000000000000000, 1.092739197465706076E-14 ) ) ;
#1153 = PRESENTATION_LAYER_ASSIGNMENT (  '', '', ( #122 ) ) ;
#1154 = CIRCLE ( 'NONE', #2506, 0.3749999999999999445 ) ;
#1155 = CARTESIAN_POINT ( 'NONE',  ( 1.528047159294185109, 2.165338363526278176, 2.133267591740789282 ) ) ;
#1156 = VECTOR ( 'NONE', #874, 39.37007874015748143 ) ;
#1157 = CARTESIAN_POINT ( 'NONE',  ( 1.381129518577615789, 2.900783520864126608, 4.849290574755913852 ) ) ;
#1158 = DIRECTION ( 'NONE',  ( 0.000000000000000000, 0.000000000000000000, 1.000000000000000000 ) ) ;
#1159 = ORIENTED_EDGE ( 'NONE', *, *, #2291, .F. ) ;
#1160 = VERTEX_POINT ( 'NONE', #2247 ) ;
#1161 = DIRECTION ( 'NONE',  ( 0.000000000000000000, 1.000000000000000000, -0.000000000000000000 ) ) ;
#1162 = DIRECTION ( 'NONE',  ( 0.000000000000000000, 0.000000000000000000, -1.000000000000000000 ) ) ;
#1163 = ORIENTED_EDGE ( 'NONE', *, *, #1405, .F. ) ;
#1164 = DIRECTION ( 'NONE',  ( -0.000000000000000000, 1.000000000000000000, -0.000000000000000000 ) ) ;
#1165 = EDGE_CURVE ( 'NONE', #1440, #1344, #2194, .T. ) ;
#1166 = CARTESIAN_POINT ( 'NONE',  ( 1.786001958931574762, 2.407028989359615068, 2.177277213293075331 ) ) ;
#1167 = DIMENSIONAL_EXPONENTS ( 1.000000000000000000, 0.000000000000000000, 0.000000000000000000, 0.000000000000000000, 0.000000000000000000, 0.000000000000000000, 0.000000000000000000 ) ;
#1168 = CARTESIAN_POINT ( 'NONE',  ( 1.405544992258652925, 2.903203907994291733, 4.849963835247839583 ) ) ;
#1169 = CARTESIAN_POINT ( 'NONE',  ( 1.775263821016530130, 2.539581789353906327, 2.812782175720647704 ) ) ;
#1170 = CARTESIAN_POINT ( 'NONE',  ( 1.430263821016529047, 2.528203907994290844, 1.229963835247838366 ) ) ;
#1171 = EDGE_LOOP ( 'NONE', ( #534, #348, #743, #842 ) ) ;
#1172 = DIRECTION ( 'NONE',  ( 0.000000000000000000, 1.047444401652940007E-14, -1.000000000000000000 ) ) ;
#1173 = EDGE_LOOP ( 'NONE', ( #249, #2638 ) ) ;
#1174 = ADVANCED_FACE ( 'NONE', ( #1150 ), #784, .T. ) ;
#1175 = DIRECTION ( 'NONE',  ( -0.000000000000000000, -1.047444401652940007E-14, 1.000000000000000000 ) ) ;
#1176 = FACE_OUTER_BOUND ( 'NONE', #301, .T. ) ;
#1177 = ORIENTED_EDGE ( 'NONE', *, *, #1053, .F. ) ;
#1178 = FACE_OUTER_BOUND ( 'NONE', #363, .T. ) ;
#1179 = ADVANCED_FACE ( 'NONE', ( #2283, #109 ), #526, .F. ) ;
#1180 = CARTESIAN_POINT ( 'NONE',  ( 1.430263821016529491, 3.028203907994290844, 2.729963835247838144 ) ) ;
#1181 = CARTESIAN_POINT ( 'NONE',  ( 1.148396411335386169, 2.280562111032892858, 4.820457891527074601 ) ) ;
#1182 = DIRECTION ( 'NONE',  ( 0.000000000000000000, 1.000000000000000000, 8.741913579725648610E-15 ) ) ;
#1183 = VERTEX_POINT ( 'NONE', #322 ) ;
#1184 = VECTOR ( 'NONE', #1318, 39.37007874015748143 ) ;
#1185 = AXIS2_PLACEMENT_3D ( 'NONE', #1357, #278, #1134 ) ;
#1186 = CIRCLE ( 'NONE', #1731, 0.1400000000000001521 ) ;
#1187 = LINE ( 'NONE', #2055, #1059 ) ;
#1188 = EDGE_CURVE ( 'NONE', #1581, #2667, #552, .T. ) ;
#1189 = DIRECTION ( 'NONE',  ( 0.000000000000000000, -1.000000000000000000, 0.000000000000000000 ) ) ;
#1190 = PLANE ( 'NONE',  #1829 ) ;
#1191 = VERTEX_POINT ( 'NONE', #1439 ) ;
#1192 = FACE_OUTER_BOUND ( 'NONE', #754, .T. ) ;
#1193 = EDGE_LOOP ( 'NONE', ( #274, #2501 ) ) ;
#1194 = DIRECTION ( 'NONE',  ( 0.2808593899271646377, 0.000000000000000000, 0.9597489271104922004 ) ) ;
#1195 = VECTOR ( 'NONE', #1786, 39.37007874015748143 ) ;
#1196 = COLOUR_RGB ( '',0.7921568627450980005, 0.8196078431372548767, 0.9333333333333333481 ) ;
#1197 = CIRCLE ( 'NONE', #1835, 0.1249999999999999029 ) ;
#1198 = CARTESIAN_POINT ( 'NONE',  ( 1.131903749844074492, 2.701790291229671404, 4.188973863452608803 ) ) ;
#1199 = CARTESIAN_POINT ( 'NONE',  ( 1.121252457941647629, 2.682031545320541444, 4.184330978113534272 ) ) ;
#1200 = ORIENTED_EDGE ( 'NONE', *, *, #196, .F. ) ;
#1201 = CIRCLE ( 'NONE', #125, 0.6600000000000004752 ) ;
#1202 = ADVANCED_FACE ( 'NONE', ( #2463 ), #1657, .F. ) ;
#1203 = DIRECTION ( 'NONE',  ( 0.000000000000000000, 1.047444401652940007E-14, -1.000000000000000000 ) ) ;
#1204 = EDGE_LOOP ( 'NONE', ( #1494, #415 ) ) ;
#1205 = PRODUCT_DEFINITION_SHAPE ( 'NONE', 'NONE',  #2778 ) ;
#1206 = CARTESIAN_POINT ( 'NONE',  ( 1.430263821016521719, 2.778203907994254873, 3.799963835247869071 ) ) ;
#1207 = CARTESIAN_POINT ( 'NONE',  ( 1.506785085814376091, 2.630753426655049854, 2.701774835247837903 ) ) ;
#1208 = VERTEX_POINT ( 'NONE', #127 ) ;
#1209 = CYLINDRICAL_SURFACE ( 'NONE', #61, 0.3450000000000000289 ) ;
#1210 = DIMENSIONAL_EXPONENTS ( 1.000000000000000000, 0.000000000000000000, 0.000000000000000000, 0.000000000000000000, 0.000000000000000000, 0.000000000000000000, 0.000000000000000000 ) ;
#1211 = CYLINDRICAL_SURFACE ( 'NONE', #2448, 0.3749999999999999445 ) ;
#1212 = DIRECTION ( 'NONE',  ( 0.000000000000000000, 0.000000000000000000, -1.000000000000000000 ) ) ;
#1213 = LENGTH_MEASURE_WITH_UNIT ( LENGTH_MEASURE( 0.02539999999999999897 ), #985 );
#1214 = DIRECTION ( 'NONE',  ( 0.000000000000000000, -1.000000000000000000, 0.000000000000000000 ) ) ;
#1215 = FACE_OUTER_BOUND ( 'NONE', #1228, .T. ) ;
#1216 = DIRECTION ( 'NONE',  ( 0.000000000000000000, 1.000000000000000000, 8.741913579725648610E-15 ) ) ;
#1217 = ORIENTED_EDGE ( 'NONE', *, *, #1715, .T. ) ;
#1218 = CARTESIAN_POINT ( 'NONE',  ( 1.775263821016529464, 2.505052058206548082, 4.167145494775028602 ) ) ;
#1219 = ORIENTED_EDGE ( 'NONE', *, *, #2651, .T. ) ;
#1220 = CARTESIAN_POINT ( 'NONE',  ( 1.772368016461075335, 2.574273961662115529, 4.168614258737786571 ) ) ;
#1221 = DIRECTION ( 'NONE',  ( -0.2808593899271646377, 0.000000000000000000, -0.9597489271104922004 ) ) ;
#1222 = DIRECTION ( 'NONE',  ( 0.000000000000000000, -1.000000000000000000, 0.000000000000000000 ) ) ;
#1223 = CYLINDRICAL_SURFACE ( 'NONE', #1370, 0.3749999999999999445 ) ;
#1224 = EDGE_CURVE ( 'NONE', #1520, #2442, #335, .T. ) ;
#1225 = CARTESIAN_POINT ( 'NONE',  ( 1.381172597271430380, 2.155602353158651230, 2.130631281953354161 ) ) ;
#1226 = CARTESIAN_POINT ( 'NONE',  ( 1.752857338781522945, 2.405380615659493238, 4.178118187055761545 ) ) ;
#1227 = CARTESIAN_POINT ( 'NONE',  ( 1.722904457947507462, 2.711262807194163127, 2.788532155349395136 ) ) ;
#1228 = EDGE_LOOP ( 'NONE', ( #1484, #1306, #203, #918 ) ) ;
#1229 = CARTESIAN_POINT ( 'NONE',  ( 1.704382398544945776, 2.317536709357306268, 2.780993727831109652 ) ) ;
#1230 = VECTOR ( 'NONE', #2788, 39.37007874015748143 ) ;
#1231 = DIRECTION ( 'NONE',  ( 0.000000000000000000, 0.000000000000000000, 1.000000000000000000 ) ) ;
#1232 = ORIENTED_EDGE ( 'NONE', *, *, #603, .F. ) ;
#1233 = PLANE ( 'NONE',  #2234 ) ;
#1234 = EDGE_CURVE ( 'NONE', #1471, #1581, #255, .T. ) ;
#1235 = ORIENTED_EDGE ( 'NONE', *, *, #587, .F. ) ;
#1236 = DIRECTION ( 'NONE',  ( 0.000000000000000000, 0.000000000000000000, -1.000000000000000000 ) ) ;
#1237 = PRESENTATION_STYLE_ASSIGNMENT (( #998 ) ) ;
#1238 = CIRCLE ( 'NONE', #344, 0.3450000000000000289 ) ;
#1239 = CARTESIAN_POINT ( 'NONE',  ( 1.132635625688351855, 2.299746808238885887, 2.162906641685531817 ) ) ;
#1240 = DIRECTION ( 'NONE',  ( 0.000000000000000000, 1.000000000000000000, 1.092739197465706076E-14 ) ) ;
#1241 = CIRCLE ( 'NONE', #387, 0.7600000000000001199 ) ;
#1242 = CIRCLE ( 'NONE', #27, 1.375000000000000222 ) ;
#1243 = CARTESIAN_POINT ( 'NONE',  ( 1.728690221693912843, 2.701680244063224379, 2.790981902823274741 ) ) ;
#1244 = ORIENTED_EDGE ( 'NONE', *, *, #305, .T. ) ;
#1245 = CARTESIAN_POINT ( 'NONE',  ( 1.641341065963281887, 2.802010121350362315, 4.220315200207927830 ) ) ;
#1246 = DIRECTION ( 'NONE',  ( 0.000000000000000000, 1.047444401652940007E-14, -1.000000000000000000 ) ) ;
#1247 = ORIENTED_EDGE ( 'NONE', *, *, #1767, .F. ) ;
#1248 = CARTESIAN_POINT ( 'NONE',  ( 1.430263821016521719, 2.528203907994255317, 3.799963835247866406 ) ) ;
#1249 = DIRECTION ( 'NONE',  ( -0.000000000000000000, 0.000000000000000000, -1.000000000000000000 ) ) ;
#1250 = FACE_OUTER_BOUND ( 'NONE', #1023, .T. ) ;
#1251 = CARTESIAN_POINT ( 'NONE',  ( 1.103237566022574168, 2.640418540876070974, 4.176073519818912061 ) ) ;
#1252 = CARTESIAN_POINT ( 'NONE',  ( 1.103243054844962989, 2.416025851178650097, 4.176074325555193312 ) ) ;
#1253 = CYLINDRICAL_SURFACE ( 'NONE', #24, 0.2500000000000000555 ) ;
#1254 = ORIENTED_EDGE ( 'NONE', *, *, #299, .F. ) ;
#1255 = CARTESIAN_POINT ( 'NONE',  ( 1.772428341187956891, 2.482597554866484035, 2.811343864877026810 ) ) ;
#1256 = ADVANCED_FACE ( 'NONE', ( #2305, #138 ), #2102, .F. ) ;
#1257 = CARTESIAN_POINT ( 'NONE',  ( 1.064888820963736604, 2.613510741019847927, 2.179961037056557416 ) ) ;
#1258 = EDGE_LOOP ( 'NONE', ( #2759, #1844, #511, #2389, #1647 ) ) ;
#1259 = FACE_OUTER_BOUND ( 'NONE', #2455, .T. ) ;
#1260 = B_SPLINE_CURVE_WITH_KNOTS ( 'NONE', 3,
 ( #698, #76, #1801, #2185, #459, #684, #934, #711, #2420, #2657, #2443, #896, #1321, #2216, #2429, #2618, #1543, #265, #2404, #495, #472, #1333, #2204, #1722, #410, #1084 ),
 .UNSPECIFIED., .F., .F.,
 ( 4, 2, 2, 2, 2, 2, 2, 2, 2, 2, 2, 2, 4 ),
 ( 0.02778275043839177616, 0.02865025365378882569, 0.02951775686918587521, 0.03125276329997994651, 0.03212026651537698563, 0.03298776973077402475, 0.03385527294617106386, 0.03472277616156809604, 0.03645778259236217428, 0.03819278902315624558, 0.03992779545395032381, 0.04079529866934739069, 0.04166280188474445756 ),
 .UNSPECIFIED. ) ;
#1261 = CARTESIAN_POINT ( 'NONE',  ( 1.430263821016529047, 2.528203907994290844, 1.229963835247838366 ) ) ;
#1262 = CARTESIAN_POINT ( 'NONE',  ( 1.479652057643821905, 2.900745937271755448, 2.130647398918796398 ) ) ;
#1263 = EDGE_LOOP ( 'NONE', ( #119, #1449, #92, #2168, #236 ) ) ;
#1264 = EDGE_CURVE ( 'NONE', #1638, #1082, #2592, .T. ) ;
#1265 = CARTESIAN_POINT ( 'NONE',  ( 1.712799292498176751, 2.775988099774495677, 4.820409060911696741 ) ) ;
#1266 = CARTESIAN_POINT ( 'NONE',  ( 1.094240750790882455, 2.607218924032872032, 2.808278600745423681 ) ) ;
#1267 = DIRECTION ( 'NONE',  ( 0.000000000000000000, 0.000000000000000000, -1.000000000000000000 ) ) ;
#1268 = ORIENTED_EDGE ( 'NONE', *, *, #816, .F. ) ;
#1269 = B_SPLINE_CURVE_WITH_KNOTS ( 'NONE', 3,
 ( #2104, #2307, #1618, #995, #1887, #981, #1659, #2716, #324, #111, #153, #2079, #2505, #554, #569, #2061, #581, #129, #1008, #2703, #1220, #1403, #2272, #2492 ),
 .UNSPECIFIED., .F., .F.,
 ( 4, 2, 2, 2, 2, 2, 2, 2, 2, 2, 2, 4 ),
 ( 0.04165792510146924810, 0.04252479425109829958, 0.04339166340072735800, 0.04512540169998546791, 0.04685913999924357781, 0.04859287829850168772, 0.05032661659775980456, 0.05119348574738887686, 0.05206035489701794916, 0.05379409319627610764, 0.05466096234590519382, 0.05552783149553427305 ),
 .UNSPECIFIED. ) ;
#1270 = CARTESIAN_POINT ( 'NONE',  ( 1.430263821016525272, 2.183203907994238691, 4.249963835247862143 ) ) ;
#1271 = VECTOR ( 'NONE', #524, 39.37007874015748143 ) ;
#1272 = FACE_OUTER_BOUND ( 'NONE', #2074, .T. ) ;
#1273 = EDGE_LOOP ( 'NONE', ( #622, #2400, #2348, #878 ) ) ;
#1274 = DIRECTION ( 'NONE',  ( -0.000000000000000000, -1.000000000000000000, -0.000000000000000000 ) ) ;
#1275 = CIRCLE ( 'NONE', #2275, 0.6600000000000000311 ) ;
#1276 = DIRECTION ( 'NONE',  ( -0.5980431156508640989, -0.8014639304563911937, 0.000000000000000000 ) ) ;
#1277 = CARTESIAN_POINT ( 'NONE',  ( 1.515735693075453305, 2.893539369536931360, 2.132598868820383853 ) ) ;
#1278 = CIRCLE ( 'NONE', #2583, 0.1279527559055117225 ) ;
#1279 = EDGE_LOOP ( 'NONE', ( #2514, #1244, #2485, #1368 ) ) ;
#1280 =( GEOMETRIC_REPRESENTATION_CONTEXT ( 3 ) GLOBAL_UNCERTAINTY_ASSIGNED_CONTEXT ( ( #1719 ) ) GLOBAL_UNIT_ASSIGNED_CONTEXT ( ( #2719, #790, #558 ) ) REPRESENTATION_CONTEXT ( 'NONE', 'WORKASPACE' ) );
#1281 = CIRCLE ( 'NONE', #695, 0.6600000000000000311 ) ;
#1282 = CARTESIAN_POINT ( 'NONE',  ( 1.430263821016529047, 2.528203907994290844, 1.719963835247838357 ) ) ;
#1283 = CARTESIAN_POINT ( 'NONE',  ( 1.107582387837211080, 2.650790545669292619, 2.801850949167579596 ) ) ;
#1284 = FACE_OUTER_BOUND ( 'NONE', #199, .T. ) ;
#1285 = ORIENTED_EDGE ( 'NONE', *, *, #1588, .T. ) ;
#1286 = AXIS2_PLACEMENT_3D ( 'NONE', #6, #2758, #828 ) ;
#1287 = B_SPLINE_CURVE_WITH_KNOTS ( 'NONE', 3,
 ( #1939, #1, #2116, #1257, #1479, #221, #1466, #1022, #2347, #1885, #444, #2335, #1700, #428, #862, #850, #1291, #2157, #2377, #1305, #2742, #2786, #810, #401 ),
 .UNSPECIFIED., .F., .F.,
 ( 4, 2, 2, 2, 2, 2, 2, 2, 2, 2, 2, 4 ),
 ( 0.04488548829965054859, 0.04675506639397349062, 0.04768985544113493735, 0.04862464448829638408, 0.05049422258261924978, 0.05142901162978066182, 0.05236380067694208079, 0.05329858972410349283, 0.05423337877126491180, 0.05610295686558770811, 0.05797253495991051137, 0.05984211305423331462 ),
 .UNSPECIFIED. ) ;
#1288 = EDGE_CURVE ( 'NONE', #1062, #1003, #1401, .T. ) ;
#1289 =( GEOMETRIC_REPRESENTATION_CONTEXT ( 3 ) GLOBAL_UNCERTAINTY_ASSIGNED_CONTEXT ( ( #113 ) ) GLOBAL_UNIT_ASSIGNED_CONTEXT ( ( #58, #1319, #1106 ) ) REPRESENTATION_CONTEXT ( 'NONE', 'WORKASPACE' ) );
#1290 = DIRECTION ( 'NONE',  ( 0.000000000000000000, 0.000000000000000000, -1.000000000000000000 ) ) ;
#1291 = CARTESIAN_POINT ( 'NONE',  ( 1.211440157669308348, 2.832985045352713005, 2.147644011794891394 ) ) ;
#1292 = VERTEX_POINT ( 'NONE', #1627 ) ;
#1293 = CARTESIAN_POINT ( 'NONE',  ( 1.085263821016529517, 2.528203907994290844, 2.812782175720647260 ) ) ;
#1294 = VECTOR ( 'NONE', #1550, 39.37007874015748143 ) ;
#1295 = CARTESIAN_POINT ( 'NONE',  ( 1.170737579021600361, 2.299808555091312989, 2.775456035883456352 ) ) ;
#1296 = CARTESIAN_POINT ( 'NONE',  ( 1.785408048486762489, 2.649237265184988921, 2.177147625826380661 ) ) ;
#1297 = CARTESIAN_POINT ( 'NONE',  ( 1.453162444047320756, 2.183203907994290649, 4.249963835247839938 ) ) ;
#1298 = ORIENTED_EDGE ( 'NONE', *, *, #460, .T. ) ;
#1299 = CARTESIAN_POINT ( 'NONE',  ( 1.430263821016530601, 3.288203907994291075, 3.489963835247838375 ) ) ;
#1300 = CARTESIAN_POINT ( 'NONE',  ( 1.339803638926446938, 2.195081143301391702, 4.244640453090243071 ) ) ;
#1301 = DIRECTION ( 'NONE',  ( -0.000000000000000000, 0.000000000000000000, -1.000000000000000000 ) ) ;
#1302 = ORIENTED_EDGE ( 'NONE', *, *, #1742, .T. ) ;
#1303 = EDGE_CURVE ( 'NONE', #227, #2065, #68, .T. ) ;
#1304 = CARTESIAN_POINT ( 'NONE',  ( 1.772447107551311740, 2.573654689777034044, 2.811353346137672737 ) ) ;
#1305 = CARTESIAN_POINT ( 'NONE',  ( 1.308649678770801295, 2.883778838007817757, 2.135221856127384576 ) ) ;
#1306 = ORIENTED_EDGE ( 'NONE', *, *, #587, .T. ) ;
#1307 = CARTESIAN_POINT ( 'NONE',  ( 1.107582387837211080, 2.650790545669292619, 2.801850949167579596 ) ) ;
#1308 = CYLINDRICAL_SURFACE ( 'NONE', #961, 0.1249999999999999029 ) ;
#1309 = CARTESIAN_POINT ( 'NONE',  ( 1.430263821016521719, 2.278203907994257538, 3.599963835247863564 ) ) ;
#1310 = CARTESIAN_POINT ( 'NONE',  ( 1.658106757640245954, 2.268902748024684612, 4.215062834496563049 ) ) ;
#1311 = CARTESIAN_POINT ( 'NONE',  ( 1.256174278645632914, 2.229510655076130110, 4.230004674614032290 ) ) ;
#1312 = ADVANCED_FACE ( 'NONE', ( #567 ), #2077, .T. ) ;
#1313 = CARTESIAN_POINT ( 'NONE',  ( 1.430263821016529491, 2.028203907994290844, 2.114963835247838375 ) ) ;
#1314 = VECTOR ( 'NONE', #2299, 39.37007874015748143 ) ;
#1315 = CARTESIAN_POINT ( 'NONE',  ( 1.430263821016529713, 2.528203907994290844, 3.360279772404705323 ) ) ;
#1316 = ORIENTED_EDGE ( 'NONE', *, *, #871, .F. ) ;
#1317 = ADVANCED_FACE ( 'NONE', ( #2516, #1176 ), #1190, .T. ) ;
#1318 = DIRECTION ( 'NONE',  ( -0.000000000000000000, -0.000000000000000000, 1.000000000000000000 ) ) ;
#1319 =( NAMED_UNIT ( * ) PLANE_ANGLE_UNIT ( ) SI_UNIT ( $, .RADIAN. ) );
#1320 = EDGE_LOOP ( 'NONE', ( #155, #2602, #1302, #1425 ) ) ;
#1321 = CARTESIAN_POINT ( 'NONE',  ( 1.641079982420037719, 2.254878958530485811, 2.759732549034763949 ) ) ;
#1322 = CARTESIAN_POINT ( 'NONE',  ( 1.628855206006924350, 2.209872638931962285, 4.835425212693237107 ) ) ;
#1323 = FACE_OUTER_BOUND ( 'NONE', #359, .T. ) ;
#1324 = CARTESIAN_POINT ( 'NONE',  ( 1.430263821016529491, 2.903203907994290844, 2.129963835247838499 ) ) ;
#1325 = EDGE_CURVE ( 'NONE', #46, #2065, #979, .T. ) ;
#1326 = CARTESIAN_POINT ( 'NONE',  ( 1.755009531140880874, 2.716132130756596652, 4.810636463747517411 ) ) ;
#1327 = CARTESIAN_POINT ( 'NONE',  ( 1.211528383271499587, 2.833050454306070165, 4.832298394766770144 ) ) ;
#1328 = DIRECTION ( 'NONE',  ( 0.000000000000000000, 0.000000000000000000, 1.000000000000000000 ) ) ;
#1329 = EDGE_LOOP ( 'NONE', ( #1298, #222 ) ) ;
#1330 = CARTESIAN_POINT ( 'NONE',  ( 1.057721867040970043, 2.478816567261526327, 4.797953661968257677 ) ) ;
#1331 = DIRECTION ( 'NONE',  ( 0.000000000000000000, 0.000000000000000000, -1.000000000000000000 ) ) ;
#1332 = ORIENTED_EDGE ( 'NONE', *, *, #2609, .F. ) ;
#1333 = CARTESIAN_POINT ( 'NONE',  ( 1.770701442293354688, 2.471131058168614558, 2.810472426700901583 ) ) ;
#1334 = CIRCLE ( 'NONE', #435, 0.6600000000000004752 ) ;
#1335 = CARTESIAN_POINT ( 'NONE',  ( 1.479835118577543351, 2.155683695233471475, 4.849274221323291556 ) ) ;
#1336 = DIRECTION ( 'NONE',  ( 0.000000000000000000, 1.047444401652940007E-14, -1.000000000000000000 ) ) ;
#1337 = CIRCLE ( 'NONE', #168, 0.01968503937007848661 ) ;
#1338 = DIRECTION ( 'NONE',  ( 0.000000000000000000, -1.000000000000000000, 0.000000000000000000 ) ) ;
#1339 = FACE_OUTER_BOUND ( 'NONE', #1258, .T. ) ;
#1340 = DIRECTION ( 'NONE',  ( -0.000000000000000000, -0.000000000000000000, 1.000000000000000000 ) ) ;
#1341 = LINE ( 'NONE', #1315, #1696 ) ;
#1342 = ORIENTED_EDGE ( 'NONE', *, *, #1848, .T. ) ;
#1343 = LENGTH_MEASURE_WITH_UNIT ( LENGTH_MEASURE( 0.02539999999999999897 ), #45 );
#1344 = VERTEX_POINT ( 'NONE', #579 ) ;
#1345 = DIRECTION ( 'NONE',  ( -0.2808593899271647487, 0.000000000000000000, -0.9597489271104922004 ) ) ;
#1346 = EDGE_CURVE ( 'NONE', #1817, #2459, #1892, .T. ) ;
#1347 = LINE ( 'NONE', #1958, #2145 ) ;
#1348 = DIRECTION ( 'NONE',  ( -0.000000000000000000, -1.047444401652940007E-14, 1.000000000000000000 ) ) ;
#1349 = CARTESIAN_POINT ( 'NONE',  ( 1.055263821016529491, 2.528203907994290844, 1.529963835247838411 ) ) ;
#1350 = CARTESIAN_POINT ( 'NONE',  ( 1.131452596922651654, 2.354321335746490274, 2.791041457593044672 ) ) ;
#1351 = CARTESIAN_POINT ( 'NONE',  ( 1.430263821016529713, 2.528203907994290844, 2.701774835247837903 ) ) ;
#1352 = DIRECTION ( 'NONE',  ( 0.000000000000000000, -1.000000000000000000, 0.000000000000000000 ) ) ;
#1353 = ORIENTED_EDGE ( 'NONE', *, *, #1552, .T. ) ;
#1354 = EDGE_CURVE ( 'NONE', #2784, #2072, #1287, .T. ) ;
#1355 = FACE_OUTER_BOUND ( 'NONE', #1586, .T. ) ;
#1356 = ORIENTED_EDGE ( 'NONE', *, *, #2211, .F. ) ;
#1357 = CARTESIAN_POINT ( 'NONE',  ( 1.430263821016521719, 2.528203907994255317, 3.799963835247866406 ) ) ;
#1358 = CARTESIAN_POINT ( 'NONE',  ( 1.712914898471849190, 2.280546211778199162, 4.820384956002946808 ) ) ;
#1359 = FACE_OUTER_BOUND ( 'NONE', #1630, .T. ) ;
#1360 = ORIENTED_EDGE ( 'NONE', *, *, #1877, .F. ) ;
#1361 = DIRECTION ( 'NONE',  ( 0.000000000000000000, 1.047444401652940007E-14, -1.000000000000000000 ) ) ;
#1362 = CARTESIAN_POINT ( 'NONE',  ( 1.219301106391440292, 2.254297800296111820, 2.759575921617134941 ) ) ;
#1363 = CIRCLE ( 'NONE', #2627, 1.375000000000000000 ) ;
#1364 = AXIS2_PLACEMENT_3D ( 'NONE', #1733, #1249, #1497 ) ;
#1365 = FACE_OUTER_BOUND ( 'NONE', #738, .T. ) ;
#1366 = CIRCLE ( 'NONE', #2449, 0.1249999999999999029 ) ;
#1367 = CYLINDRICAL_SURFACE ( 'NONE', #2108, 0.6499999999999999112 ) ;
#1368 = ORIENTED_EDGE ( 'NONE', *, *, #187, .F. ) ;
#1369 = CIRCLE ( 'NONE', #114, 0.1249999999999999029 ) ;
#1370 = AXIS2_PLACEMENT_3D ( 'NONE', #1445, #1662, #116 ) ;
#1371 = FACE_OUTER_BOUND ( 'NONE', #306, .T. ) ;
#1372 = ORIENTED_EDGE ( 'NONE', *, *, #2725, .T. ) ;
#1373 = EDGE_CURVE ( 'NONE', #1208, #309, #791, .T. ) ;
#1374 = AXIS2_PLACEMENT_3D ( 'NONE', #185, #2162, #1930 ) ;
#1375 = DIRECTION ( 'NONE',  ( 0.000000000000000000, 0.000000000000000000, -1.000000000000000000 ) ) ;
#1376 = CARTESIAN_POINT ( 'NONE',  ( 1.430263821016529491, 3.028203907994290844, 3.489963835247838375 ) ) ;
#1377 = VERTEX_POINT ( 'NONE', #1046 ) ;
#1378 = CARTESIAN_POINT ( 'NONE',  ( 1.615631018368459459, 3.288203907994291075, 4.123398127140763592 ) ) ;
#1379 = AXIS2_PLACEMENT_3D ( 'NONE', #2037, #778, #1158 ) ;
#1380 = DIRECTION ( 'NONE',  ( 1.000000000000000000, 0.000000000000000000, 0.000000000000000000 ) ) ;
#1381 = VECTOR ( 'NONE', #1987, 39.37007874015748143 ) ;
#1382 = CYLINDRICAL_SURFACE ( 'NONE', #466, 0.3450000000000000289 ) ;
#1383 = ADVANCED_FACE ( 'NONE', ( #2130, #1272 ), #2559, .T. ) ;
#1384 = CARTESIAN_POINT ( 'NONE',  ( 1.770740571864285462, 2.585055681811380346, 2.810492001951150343 ) ) ;
#1385 = DIRECTION ( 'NONE',  ( 0.2990215578254299955, 0.4007319652281974287, -0.8660254037844385966 ) ) ;
#1386 = ORIENTED_EDGE ( 'NONE', *, *, #1288, .F. ) ;
#1387 = ADVANCED_FACE ( 'NONE', ( #1035 ), #1897, .F. ) ;
#1388 = ORIENTED_EDGE ( 'NONE', *, *, #2025, .F. ) ;
#1389 = CARTESIAN_POINT ( 'NONE',  ( 1.430263821016529491, 2.028203907994290844, 4.249963835247838162 ) ) ;
#1390 = DIRECTION ( 'NONE',  ( 0.000000000000000000, 0.000000000000000000, -1.000000000000000000 ) ) ;
#1391 = ORIENTED_EDGE ( 'NONE', *, *, #1144, .T. ) ;
#1392 = DIRECTION ( 'NONE',  ( 0.000000000000000000, 1.000000000000000000, -0.000000000000000000 ) ) ;
#1393 = DIRECTION ( 'NONE',  ( 0.000000000000000000, 0.000000000000000000, 1.000000000000000000 ) ) ;
#1394 =( CONVERSION_BASED_UNIT ( 'INCH', #1213 ) LENGTH_UNIT ( ) NAMED_UNIT ( #1167 ) );
#1395 = CARTESIAN_POINT ( 'NONE',  ( 1.055263821016529491, 2.528203907994290844, 1.229963835247838366 ) ) ;
#1396 = CARTESIAN_POINT ( 'NONE',  ( 1.430263821016529491, 2.028203907994290844, 3.489963835247838375 ) ) ;
#1397 = ORIENTED_EDGE ( 'NONE', *, *, #2312, .T. ) ;
#1398 = EDGE_CURVE ( 'NONE', #2056, #1062, #2412, .T. ) ;
#1399 = ORIENTED_EDGE ( 'NONE', *, *, #1303, .F. ) ;
#1400 = CARTESIAN_POINT ( 'NONE',  ( 1.520925192601088050, 2.194549040705354059, 2.735057051152133933 ) ) ;
#1401 = LINE ( 'NONE', #2673, #1690 ) ;
#1402 = ORIENTED_EDGE ( 'NONE', *, *, #2510, .F. ) ;
#1403 = CARTESIAN_POINT ( 'NONE',  ( 1.774679355988669105, 2.551348446347231125, 4.167444179696072837 ) ) ;
#1404 = CARTESIAN_POINT ( 'NONE',  ( 1.430263821016529713, 2.528203907994290844, 2.701774835247837903 ) ) ;
#1405 = EDGE_CURVE ( 'NONE', #152, #634, #836, .T. ) ;
#1406 = CARTESIAN_POINT ( 'NONE',  ( 1.430263821016529491, 2.153203907994290844, 2.129963835247838499 ) ) ;
#1407 = DIRECTION ( 'NONE',  ( 0.000000000000000000, 0.000000000000000000, 1.000000000000000000 ) ) ;
#1408 = ORIENTED_EDGE ( 'NONE', *, *, #1224, .T. ) ;
#1409 = CIRCLE ( 'NONE', #377, 0.6600000000000004752 ) ;
#1410 = AXIS2_PLACEMENT_3D ( 'NONE', #1416, #582, #1221 ) ;
#1411 = CARTESIAN_POINT ( 'NONE',  ( 1.430263821016521719, 2.528203907994234889, 5.749963835247865696 ) ) ;
#1412 = ORIENTED_EDGE ( 'NONE', *, *, #52, .F. ) ;
#1413 = DIRECTION ( 'NONE',  ( -0.000000000000000000, -1.000000000000000000, -0.000000000000000000 ) ) ;
#1414 = ORIENTED_EDGE ( 'NONE', *, *, #4, .T. ) ;
#1415 = CARTESIAN_POINT ( 'NONE',  ( 1.430263821016529491, 2.528203907994290844, 5.749963835247865696 ) ) ;
#1416 = CARTESIAN_POINT ( 'NONE',  ( 1.430263821016530601, 3.028203907994290844, 3.489963835247838375 ) ) ;
#1417 = CARTESIAN_POINT ( 'NONE',  ( 1.339672514057586694, 2.194515641561914254, 2.735042397592085894 ) ) ;
#1418 = AXIS2_PLACEMENT_3D ( 'NONE', #2754, #823, #1684 ) ;
#1419 = EDGE_CURVE ( 'NONE', #2768, #988, #2009, .T. ) ;
#1420 = CARTESIAN_POINT ( 'NONE',  ( 1.058331052883509704, 2.478771961021718262, 2.181809550022157929 ) ) ;
#1421 = FACE_OUTER_BOUND ( 'NONE', #2306, .T. ) ;
#1422 = ORIENTED_EDGE ( 'NONE', *, *, #2475, .F. ) ;
#1423 = AXIS2_PLACEMENT_3D ( 'NONE', #2536, #1447, #2314 ) ;
#1424 = SURFACE_SIDE_STYLE ('',( #2487 ) ) ;
#1425 = ORIENTED_EDGE ( 'NONE', *, *, #645, .F. ) ;
#1426 = CYLINDRICAL_SURFACE ( 'NONE', #2311, 0.1400000000000001521 ) ;
#1427 = CARTESIAN_POINT ( 'NONE',  ( 1.430263821016529047, 3.178203907994290756, 0.9299638352478384329 ) ) ;
#1428 = ORIENTED_EDGE ( 'NONE', *, *, #1460, .F. ) ;
#1429 = DIRECTION ( 'NONE',  ( -0.000000000000000000, -1.000000000000000000, -0.000000000000000000 ) ) ;
#1430 = ADVANCED_FACE ( 'NONE', ( #1355 ), #74, .T. ) ;
#1431 = CARTESIAN_POINT ( 'NONE',  ( 1.085263821016529517, 2.528203907994290844, 2.812782175720647260 ) ) ;
#1432 = FACE_OUTER_BOUND ( 'NONE', #2576, .T. ) ;
#1433 = CARTESIAN_POINT ( 'NONE',  ( 1.178518118686392890, 2.764368113648512093, 4.207106437611338734 ) ) ;
#1434 = CARTESIAN_POINT ( 'NONE',  ( 1.156745042262766976, 2.738768128270407498, 4.199079423673220290 ) ) ;
#1435 = CARTESIAN_POINT ( 'NONE',  ( 1.430263821016521719, 2.778203907994257094, 3.599963835247868893 ) ) ;
#1436 = VERTEX_POINT ( 'NONE', #2642 ) ;
#1437 = EDGE_CURVE ( 'NONE', #2768, #977, #470, .T. ) ;
#1438 = CARTESIAN_POINT ( 'NONE',  ( 1.774701556519938439, 2.505419161538692485, 2.812494817940397684 ) ) ;
#1439 = CARTESIAN_POINT ( 'NONE',  ( 1.430263821016529047, 1.878203907994290933, 0.9299638352478384329 ) ) ;
#1440 = VERTEX_POINT ( 'NONE', #1568 ) ;
#1441 = FACE_OUTER_BOUND ( 'NONE', #2352, .T. ) ;
#1442 = VECTOR ( 'NONE', #340, 39.37007874015748143 ) ;
#1443 = EDGE_LOOP ( 'NONE', ( #81, #1840 ) ) ;
#1444 = CARTESIAN_POINT ( 'NONE',  ( 1.775263821016529464, 2.528203907994290844, 2.129963835247838499 ) ) ;
#1445 = CARTESIAN_POINT ( 'NONE',  ( 1.430263821016529491, 2.528203907994290844, 1.229963835247838366 ) ) ;
#1446 = CARTESIAN_POINT ( 'NONE',  ( 1.093499831866105776, 2.361388465746334209, 2.172281579486875280 ) ) ;
#1447 = DIRECTION ( 'NONE',  ( 0.000000000000000000, 0.000000000000000000, 1.000000000000000000 ) ) ;
#1448 = CARTESIAN_POINT ( 'NONE',  ( 1.775263821016529464, 2.528203907994290844, 2.812782175720647260 ) ) ;
#1449 = ORIENTED_EDGE ( 'NONE', *, *, #2064, .T. ) ;
#1450 = VECTOR ( 'NONE', #2014, 39.37007874015748143 ) ;
#1451 = DIRECTION ( 'NONE',  ( 0.000000000000000000, 0.000000000000000000, -1.000000000000000000 ) ) ;
#1452 = ADVANCED_FACE ( 'NONE', ( #457 ), #1132, .T. ) ;
#1453 = CARTESIAN_POINT ( 'NONE',  ( 1.752857338781522945, 2.405380615659493238, 4.178118187055761545 ) ) ;
#1454 = ORIENTED_EDGE ( 'NONE', *, *, #305, .F. ) ;
#1455 = DIRECTION ( 'NONE',  ( 0.000000000000000000, 1.047444401652940007E-14, -1.000000000000000000 ) ) ;
#1456 = CARTESIAN_POINT ( 'NONE',  ( 1.527658220584056092, 2.890546112093337339, 2.133403906077425471 ) ) ;
#1457 = AXIS2_PLACEMENT_3D ( 'NONE', #2729, #2258, #1600 ) ;
#1458 = CARTESIAN_POINT ( 'NONE',  ( 1.088106146778717198, 2.573868174667729658, 4.168587265045922585 ) ) ;
#1459 = AXIS2_PLACEMENT_3D ( 'NONE', #2539, #190, #1893 ) ;
#1460 = EDGE_CURVE ( 'NONE', #1581, #1471, #2198, .T. ) ;
#1461 = VECTOR ( 'NONE', #1301, 39.37007874015748143 ) ;
#1462 = CARTESIAN_POINT ( 'NONE',  ( 1.430263821016529713, 2.528203907994290844, 3.360279772404705323 ) ) ;
#1463 = ORIENTED_EDGE ( 'NONE', *, *, #2375, .F. ) ;
#1464 = ADVANCED_FACE ( 'NONE', ( #1371 ), #894, .F. ) ;
#1465 = CARTESIAN_POINT ( 'NONE',  ( 1.520908988297742237, 2.861873023197121224, 4.244876831562275576 ) ) ;
#1466 = CARTESIAN_POINT ( 'NONE',  ( 1.079271608589438269, 2.660790170138054300, 2.176027754125406055 ) ) ;
#1467 = EDGE_LOOP ( 'NONE', ( #1047, #1701, #71, #1107, #577 ) ) ;
#1468 = CARTESIAN_POINT ( 'NONE',  ( 1.318090355583993567, 2.854658871781976970, 2.738206731069247724 ) ) ;
#1469 = LINE ( 'NONE', #2350, #2764 ) ;
#1470 = DIRECTION ( 'NONE',  ( -0.000000000000000000, 0.000000000000000000, -1.000000000000000000 ) ) ;
#1471 = VERTEX_POINT ( 'NONE', #1541 ) ;
#1472 = CARTESIAN_POINT ( 'NONE',  ( 1.219080084893798599, 2.254477296757851246, 4.220285026430166120 ) ) ;
#1473 = B_SPLINE_CURVE_WITH_KNOTS ( 'NONE', 3,
 ( #1606, #83, #1589, #2451, #2469, #2193, #40, #2635, #704, #1575, #1350, #1138, #2435, #501, #1362, #2235, #2309, #131, #815, #543, #1417, #2067, #1837, #379 ),
 .UNSPECIFIED., .F., .F.,
 ( 4, 2, 2, 2, 2, 2, 2, 2, 2, 2, 2, 4 ),
 ( 0.01389803616481754406, 0.01476583080691594094, 0.01563362544901433782, 0.01650142009111273816, 0.01736921473321113504, 0.01910480401740791145, 0.02084039330160468440, 0.02257598258580146428, 0.02344377722789984034, 0.02431157186999821987, 0.02604716115419499628, 0.02778275043839177616 ),
 .UNSPECIFIED. ) ;
#1474 = CARTESIAN_POINT ( 'NONE',  ( 1.156570438735654793, 2.738539699447296805, 2.780915894953579937 ) ) ;
#1475 = DIRECTION ( 'NONE',  ( 0.000000000000000000, 0.000000000000000000, 1.000000000000000000 ) ) ;
#1476 = ORIENTED_EDGE ( 'NONE', *, *, #2317, .F. ) ;
#1477 = EDGE_CURVE ( 'NONE', #988, #241, #1993, .T. ) ;
#1478 = CARTESIAN_POINT ( 'NONE',  ( 1.604058970995237532, 2.229964341892315183, 2.750032723307961557 ) ) ;
#1479 = CARTESIAN_POINT ( 'NONE',  ( 1.067904961949631915, 2.625539945405829467, 2.179120588047740892 ) ) ;
#1480 = ORIENTED_EDGE ( 'NONE', *, *, #1558, .F. ) ;
#1481 = CARTESIAN_POINT ( 'NONE',  ( 1.430263821016529491, 2.873203907994290596, 2.729963835247838144 ) ) ;
#1482 = DIRECTION ( 'NONE',  ( 0.000000000000000000, 1.047444401652940007E-14, -1.000000000000000000 ) ) ;
#1483 = LINE ( 'NONE', #2547, #925 ) ;
#1484 = ORIENTED_EDGE ( 'NONE', *, *, #1325, .F. ) ;
#1485 = CARTESIAN_POINT ( 'NONE',  ( 1.785965558763269456, 2.649445947190094408, 4.802659688863380794 ) ) ;
#1486 = ADVANCED_FACE ( 'NONE', ( #1760 ), #1953, .T. ) ;
#1487 = AXIS2_PLACEMENT_3D ( 'NONE', #983, #571, #2692 ) ;
#1488 = FACE_OUTER_BOUND ( 'NONE', #455, .T. ) ;
#1489 = CARTESIAN_POINT ( 'NONE',  ( 1.744264615818489128, 2.671575580326937427, 2.797846524884552988 ) ) ;
#1490 = APPLICATION_CONTEXT ( 'automotive_design' ) ;
#1491 = VERTEX_POINT ( 'NONE', #721 ) ;
#1492 = CARTESIAN_POINT ( 'NONE',  ( 1.739318578822559580, 2.681944112729574226, 4.184311626229937353 ) ) ;
#1493 = CARTESIAN_POINT ( 'NONE',  ( 1.520534345272001930, 2.195027611677071278, 4.244664035534448487 ) ) ;
#1494 = ORIENTED_EDGE ( 'NONE', *, *, #1139, .F. ) ;
#1495 = DIRECTION ( 'NONE',  ( -0.5980431156508589918, -0.8014639304563950795, 0.000000000000000000 ) ) ;
#1496 = VECTOR ( 'NONE', #1872, 39.37007874015748143 ) ;
#1497 = DIRECTION ( 'NONE',  ( 0.000000000000000000, 1.000000000000000000, 0.000000000000000000 ) ) ;
#1498 = CARTESIAN_POINT ( 'NONE',  ( 1.728254863650455553, 2.757188344145874659, 2.162937250874906070 ) ) ;
#1499 = CARTESIAN_POINT ( 'NONE',  ( 1.430263821016529047, 3.178203907994290756, 1.529963835247838411 ) ) ;
#1500 = ORIENTED_EDGE ( 'NONE', *, *, #871, .T. ) ;
#1501 = PRESENTATION_LAYER_ASSIGNMENT (  '', '', ( #2188 ) ) ;
#1502 = CARTESIAN_POINT ( 'NONE',  ( 1.275885785509881520, 2.218833954591994839, 4.234424313830956521 ) ) ;
#1503 = ADVANCED_FACE ( 'NONE', ( #17, #1748 ), #2616, .F. ) ;
#1504 = BREP_WITH_VOIDS ( 'NONE', #2233, ( #1863 ) );
#1505 = CIRCLE ( 'NONE', #23, 0.3449999999999997513 ) ;
#1506 = CARTESIAN_POINT ( 'NONE',  ( 1.318104557933087007, 2.201746988010977013, 4.241721869302945258 ) ) ;
#1507 = DIRECTION ( 'NONE',  ( -0.000000000000000000, -1.000000000000000000, -0.000000000000000000 ) ) ;
#1508 = ORIENTED_EDGE ( 'NONE', *, *, #909, .T. ) ;
#1509 = AXIS2_PLACEMENT_3D ( 'NONE', #2011, #1773, #506 ) ;
#1510 = VECTOR ( 'NONE', #2781, 39.37007874015748143 ) ;
#1511 = VECTOR ( 'NONE', #561, 39.37007874015748143 ) ;
#1512 = CARTESIAN_POINT ( 'NONE',  ( 1.542551577252637030, 2.855204999094041352, 2.738005019798526618 ) ) ;
#1513 = CARTESIAN_POINT ( 'NONE',  ( 1.430263821016525272, 2.183203907994238691, 4.249963835247862143 ) ) ;
#1514 = ORIENTED_EDGE ( 'NONE', *, *, #1234, .F. ) ;
#1515 = CARTESIAN_POINT ( 'NONE',  ( 1.430263821016529713, 2.528203907994290844, 2.701774835247837903 ) ) ;
#1516 = CIRCLE ( 'NONE', #1379, 0.7600000000000001199 ) ;
#1517 = FACE_BOUND ( 'NONE', #2031, .T. ) ;
#1518 = CARTESIAN_POINT ( 'NONE',  ( 1.430263821016529491, 2.528203907994290844, 1.229963835247838366 ) ) ;
#1519 = CARTESIAN_POINT ( 'NONE',  ( 1.729185637791461838, 2.354496906459660366, 4.188840139887884284 ) ) ;
#1520 = VERTEX_POINT ( 'NONE', #2697 ) ;
#1521 = ADVANCED_FACE ( 'NONE', ( #522 ), #2402, .T. ) ;
#1522 = CARTESIAN_POINT ( 'NONE',  ( 1.055263821016528381, 2.528203907994292621, 2.182686129479090908 ) ) ;
#1523 = ADVANCED_FACE ( 'NONE', ( #989 ), #2280, .F. ) ;
#1524 = CARTESIAN_POINT ( 'NONE',  ( 1.430263821016529491, 2.028203907994290844, 2.729963835247838144 ) ) ;
#1525 = CARTESIAN_POINT ( 'NONE',  ( 1.430263821016521719, 2.528203907994257538, 3.599963835247866228 ) ) ;
#1526 = EDGE_LOOP ( 'NONE', ( #996, #1898, #2520, #2560 ) ) ;
#1527 = CARTESIAN_POINT ( 'NONE',  ( 1.430263821016529491, 1.528203907994290622, 2.114963835247838375 ) ) ;
#1528 = PRESENTATION_STYLE_ASSIGNMENT (( #493 ) ) ;
#1529 = ORIENTED_EDGE ( 'NONE', *, *, #560, .F. ) ;
#1530 = CARTESIAN_POINT ( 'NONE',  ( 1.430263821016521719, 2.528203907994255317, 3.799963835247866406 ) ) ;
#1531 = EDGE_CURVE ( 'NONE', #232, #1151, #1693, .T. ) ;
#1532 = CARTESIAN_POINT ( 'NONE',  ( 1.430263821016529491, 1.768203907994290391, 3.489963835247838375 ) ) ;
#1533 = FACE_OUTER_BOUND ( 'NONE', #1679, .T. ) ;
#1534 = CARTESIAN_POINT ( 'NONE',  ( 1.739794889407930922, 2.374177698937883108, 4.184141389022936863 ) ) ;
#1535 = CARTESIAN_POINT ( 'NONE',  ( 1.307349859639248768, 2.205641519335441281, 4.240034267676233704 ) ) ;
#1536 = CARTESIAN_POINT ( 'NONE',  ( 1.097067560544470632, 2.618398121733629846, 2.806886990670915960 ) ) ;
#1537 = DIRECTION ( 'NONE',  ( -0.2808593899271646932, 0.000000000000000000, -0.9597489271104920894 ) ) ;
#1538 = VERTEX_POINT ( 'NONE', #102 ) ;
#1539 = AXIS2_PLACEMENT_3D ( 'NONE', #1404, #2274, #1661 ) ;
#1540 = DIRECTION ( 'NONE',  ( 1.000000000000000000, 0.000000000000000000, 0.000000000000000000 ) ) ;
#1541 = CARTESIAN_POINT ( 'NONE',  ( 1.418491318739938167, 2.512427058969558757, 3.326184284066735941 ) ) ;
#1542 = ORIENTED_EDGE ( 'NONE', *, *, #549, .F. ) ;
#1543 = CARTESIAN_POINT ( 'NONE',  ( 1.704382398544945776, 2.317536709357306268, 2.780993727831109652 ) ) ;
#1544 = CARTESIAN_POINT ( 'NONE',  ( 1.596810166330307368, 2.191993493092369683, 4.839771556205628045 ) ) ;
#1545 = DIRECTION ( 'NONE',  ( -0.000000000000000000, -1.000000000000000000, -0.000000000000000000 ) ) ;
#1546 = CARTESIAN_POINT ( 'NONE',  ( 1.430263821016521719, 2.528203907994257538, 3.599963835247866228 ) ) ;
#1547 = VECTOR ( 'NONE', #41, 39.37007874015748143 ) ;
#1548 = CARTESIAN_POINT ( 'NONE',  ( 1.793133144057891482, 2.430457233075838719, 2.179257545978722455 ) ) ;
#1549 = FACE_OUTER_BOUND ( 'NONE', #1467, .T. ) ;
#1550 = DIRECTION ( 'NONE',  ( -0.000000000000000000, -0.000000000000000000, 1.000000000000000000 ) ) ;
#1551 = ORIENTED_EDGE ( 'NONE', *, *, #2410, .F. ) ;
#1552 = EDGE_CURVE ( 'NONE', #1894, #2344, #1154, .T. ) ;
#1553 = AXIS2_PLACEMENT_3D ( 'NONE', #672, #308, #462 ) ;
#1554 = B_SPLINE_CURVE_WITH_KNOTS ( 'NONE', 3,
 ( #1959, #2590, #1262, #1277, #1456, #198, #866, #418, #2327, #394, #2366, #2791, #854, #841, #1498, #1916, #1734, #2775, #1296, #1705, #2563, #898, #1764, #2407 ),
 .UNSPECIFIED., .F., .F.,
 ( 4, 2, 2, 2, 2, 2, 2, 2, 2, 2, 2, 4 ),
 ( 0.000000000000000000, 0.001870840205774661766, 0.002806260308661991890, 0.003741680411549322665, 0.005612520617323981179, 0.006547940720211308484, 0.007483360823098634922, 0.009354201028873247031, 0.01122504123464785827, 0.01216046133753516563, 0.01309588144042247472, 0.01496672164619708076 ),
 .UNSPECIFIED. ) ;
#1555 = DIRECTION ( 'NONE',  ( -0.5980431156508640989, -0.8014639304563911937, 0.000000000000000000 ) ) ;
#1556 = ORIENTED_EDGE ( 'NONE', *, *, #1604, .F. ) ;
#1557 = CYLINDRICAL_SURFACE ( 'NONE', #737, 0.3749999999999999445 ) ;
#1558 = EDGE_CURVE ( 'NONE', #2099, #2336, #1334, .T. ) ;
#1559 = CARTESIAN_POINT ( 'NONE',  ( 1.430263821016529491, 2.028203907994290844, 3.489963835247838375 ) ) ;
#1560 = DIRECTION ( 'NONE',  ( 0.000000000000000000, 0.000000000000000000, 1.000000000000000000 ) ) ;
#1561 = VECTOR ( 'NONE', #1999, 39.37007874015748143 ) ;
#1562 = CARTESIAN_POINT ( 'NONE',  ( 1.430263821016529713, 2.528203907994290844, 3.360279772404705323 ) ) ;
#1563 = CARTESIAN_POINT ( 'NONE',  ( 1.527873549150704280, 2.891105237782395587, 4.846669758308521203 ) ) ;
#1564 = EDGE_CURVE ( 'NONE', #1579, #2530, #795, .T. ) ;
#1565 = CARTESIAN_POINT ( 'NONE',  ( 1.506785085814376091, 2.630753426655049854, 2.701774835247837903 ) ) ;
#1566 = CARTESIAN_POINT ( 'NONE',  ( 1.476508023747718168, 2.870842845401139876, 2.731043418773099418 ) ) ;
#1567 = ORIENTED_EDGE ( 'NONE', *, *, #2087, .T. ) ;
#1568 = CARTESIAN_POINT ( 'NONE',  ( 1.506785085814376091, 2.630753426655049854, 1.719963835247838357 ) ) ;
#1569 = EDGE_LOOP ( 'NONE', ( #547, #1500, #1832, #2027 ) ) ;
#1570 = DIRECTION ( 'NONE',  ( 0.000000000000000000, 1.047444401652940007E-14, -1.000000000000000000 ) ) ;
#1571 = DIRECTION ( 'NONE',  ( -0.000000000000000000, -1.000000000000000000, 0.000000000000000000 ) ) ;
#1572 = DIRECTION ( 'NONE',  ( 0.000000000000000000, 1.047444401652940007E-14, -1.000000000000000000 ) ) ;
#1573 = CARTESIAN_POINT ( 'NONE',  ( 1.805263821016529491, 2.528203907994290844, 5.749963835247839050 ) ) ;
#1574 = MANIFOLD_SOLID_BREP ( 'Intersect1[1]', #1682 ) ;
#1575 = CARTESIAN_POINT ( 'NONE',  ( 1.120814793050989300, 2.373992923369562469, 2.795748843099477465 ) ) ;
#1576 = CARTESIAN_POINT ( 'NONE',  ( 1.055263821016529491, 2.528203907994290844, 4.797241541016585842 ) ) ;
#1577 = ADVANCED_FACE ( 'NONE', ( #147 ), #780, .F. ) ;
#1578 = LINE ( 'NONE', #145, #2019 ) ;
#1579 = VERTEX_POINT ( 'NONE', #347 ) ;
#1580 = DIRECTION ( 'NONE',  ( 0.000000000000000000, 0.000000000000000000, -1.000000000000000000 ) ) ;
#1581 = VERTEX_POINT ( 'NONE', #2039 ) ;
#1582 = DIRECTION ( 'NONE',  ( 0.000000000000000000, -1.000000000000000000, 0.000000000000000000 ) ) ;
#1583 = AXIS2_PLACEMENT_3D ( 'NONE', #760, #1026, #1010 ) ;
#1584 = CARTESIAN_POINT ( 'NONE',  ( 1.800388935048518713, 2.466686877847342974, 4.798632515718160185 ) ) ;
#1585 = CARTESIAN_POINT ( 'NONE',  ( 1.430263821016529491, 3.028203907994290844, 3.489963835247838375 ) ) ;
#1586 = EDGE_LOOP ( 'NONE', ( #1268, #1217, #370, #247, #1143, #95, #2248, #1927, #1177, #2543 ) ) ;
#1587 = LINE ( 'NONE', #2675, #521 ) ;
#1588 = EDGE_CURVE ( 'NONE', #1044, #1644, #1876, .T. ) ;
#1589 = CARTESIAN_POINT ( 'NONE',  ( 1.085839482808748535, 2.505201178448227761, 2.812487982209866733 ) ) ;
#1590 = AXIS2_PLACEMENT_3D ( 'NONE', #1668, #2558, #220 ) ;
#1591 = CARTESIAN_POINT ( 'NONE',  ( 1.332921032622754298, 2.890561026974209025, 4.846527728085450626 ) ) ;
#1592 = AXIS2_PLACEMENT_3D ( 'NONE', #2690, #801, #352 ) ;
#1593 = CARTESIAN_POINT ( 'NONE',  ( 1.132803836703086819, 2.299526725103488545, 4.817058868833218988 ) ) ;
#1594 = DIRECTION ( 'NONE',  ( 0.000000000000000000, 1.047444401652940007E-14, -1.000000000000000000 ) ) ;
#1595 = ORIENTED_EDGE ( 'NONE', *, *, #1640, .T. ) ;
#1596 = CIRCLE ( 'NONE', #599, 0.3449999999999997513 ) ;
#1597 = EDGE_LOOP ( 'NONE', ( #1018, #779 ) ) ;
#1598 = AXIS2_PLACEMENT_3D ( 'NONE', #1376, #37, #1162 ) ;
#1599 = CARTESIAN_POINT ( 'NONE',  ( 1.430263821016529491, 3.028203907994290844, 2.129963835247838499 ) ) ;
#1600 = DIRECTION ( 'NONE',  ( 1.000000000000000000, 0.000000000000000000, 0.000000000000000000 ) ) ;
#1601 = EDGE_LOOP ( 'NONE', ( #1386, #186, #937, #254 ) ) ;
#1602 = DIRECTION ( 'NONE',  ( 0.000000000000000000, 0.000000000000000000, -1.000000000000000000 ) ) ;
#1603 = CONICAL_SURFACE ( 'NONE', #2457, 22.73032555864669746, 0.5235987755982991487 ) ;
#1604 = EDGE_CURVE ( 'NONE', #1774, #2614, #1187, .T. ) ;
#1605 = CIRCLE ( 'NONE', #349, 0.2499999999999998057 ) ;
#1606 = CARTESIAN_POINT ( 'NONE',  ( 1.085263821016529517, 2.528203907994290844, 2.812782175720647260 ) ) ;
#1607 = EDGE_CURVE ( 'NONE', #2374, #134, #653, .T. ) ;
#1608 = PLANE ( 'NONE',  #2405 ) ;
#1609 = FACE_OUTER_BOUND ( 'NONE', #149, .T. ) ;
#1610 = CARTESIAN_POINT ( 'NONE',  ( 1.088106146778717198, 2.573868174667729658, 4.168587265045922585 ) ) ;
#1611 = EDGE_LOOP ( 'NONE', ( #1131, #1514, #2387, #2000 ) ) ;
#1612 = ADVANCED_FACE ( 'NONE', ( #1867 ), #1603, .F. ) ;
#1613 = ORIENTED_EDGE ( 'NONE', *, *, #1771, .F. ) ;
#1614 = DIRECTION ( 'NONE',  ( 0.000000000000000000, 0.000000000000000000, -1.000000000000000000 ) ) ;
#1615 = ADVANCED_FACE ( 'NONE', ( #202 ), #1253, .F. ) ;
#1616 = CARTESIAN_POINT ( 'NONE',  ( 1.763443893458097822, 2.437946585580810233, 4.173048639494199463 ) ) ;
#1617 = ORIENTED_EDGE ( 'NONE', *, *, #1996, .T. ) ;
#1618 = CARTESIAN_POINT ( 'NONE',  ( 1.453020521101271223, 2.872641917234684428, 4.249708218220496825 ) ) ;
#1619 = ORIENTED_EDGE ( 'NONE', *, *, #2693, .F. ) ;
#1620 = CARTESIAN_POINT ( 'NONE',  ( 1.430263821016529713, 2.528203907994290844, -36.00979896775277922 ) ) ;
#1621 = CARTESIAN_POINT ( 'NONE',  ( 1.089830288689662030, 2.585299554985808879, 4.169457287923361122 ) ) ;
#1622 = CARTESIAN_POINT ( 'NONE',  ( 1.096596214339656816, 2.618815935927903293, 4.172819088504578389 ) ) ;
#1623 = ORIENTED_EDGE ( 'NONE', *, *, #89, .T. ) ;
#1624 = DIRECTION ( 'NONE',  ( 0.000000000000000000, -1.000000000000000000, 0.000000000000000000 ) ) ;
#1625 = ORIENTED_EDGE ( 'NONE', *, *, #2375, .T. ) ;
#1626 = FACE_OUTER_BOUND ( 'NONE', #1913, .T. ) ;
#1627 = CARTESIAN_POINT ( 'NONE',  ( 1.430263821016529491, 3.028203907994290844, 2.729963835247838144 ) ) ;
#1628 = VERTEX_POINT ( 'NONE', #1032 ) ;
#1629 = DIRECTION ( 'NONE',  ( 0.000000000000000000, 1.000000000000000000, 9.502079977962660984E-15 ) ) ;
#1630 = EDGE_LOOP ( 'NONE', ( #2660, #494 ) ) ;
#1631 = CARTESIAN_POINT ( 'NONE',  ( 1.430263821016530601, 3.028203907994290844, 3.489963835247838375 ) ) ;
#1632 = CARTESIAN_POINT ( 'NONE',  ( 1.067360380075433879, 2.430603082049793695, 2.179267069839856852 ) ) ;
#1633 = FACE_OUTER_BOUND ( 'NONE', #2507, .T. ) ;
#1634 = ORIENTED_EDGE ( 'NONE', *, *, #52, .T. ) ;
#1635 = AXIS2_PLACEMENT_3D ( 'NONE', #19, #183, #2144 ) ;
#1636 = AXIS2_PLACEMENT_3D ( 'NONE', #184, #1673, #1066 ) ;
#1637 = CARTESIAN_POINT ( 'NONE',  ( 1.430263821016530601, 3.528203907994290844, 3.489963835247838375 ) ) ;
#1638 = VERTEX_POINT ( 'NONE', #411 ) ;
#1639 = PRODUCT_DEFINITION_FORMATION_WITH_SPECIFIED_SOURCE ( 'ANY', '', #2578, .NOT_KNOWN. ) ;
#1640 = EDGE_CURVE ( 'NONE', #339, #2669, #1241, .T. ) ;
#1641 = AXIS2_PLACEMENT_3D ( 'NONE', #897, #1985, #685 ) ;
#1642 = DIRECTION ( 'NONE',  ( 0.000000000000000000, 0.000000000000000000, 1.000000000000000000 ) ) ;
#1643 = DIRECTION ( 'NONE',  ( 0.000000000000000000, 0.000000000000000000, -1.000000000000000000 ) ) ;
#1644 = VERTEX_POINT ( 'NONE', #2343 ) ;
#1645 = CARTESIAN_POINT ( 'NONE',  ( 1.044082159866679183, 3.028203907994290844, 2.170309060470911433 ) ) ;
#1646 = EDGE_CURVE ( 'NONE', #2439, #319, #1969, .T. ) ;
#1647 = ORIENTED_EDGE ( 'NONE', *, *, #2475, .T. ) ;
#1648 = LINE ( 'NONE', #2509, #1314 ) ;
#1649 = AXIS2_PLACEMENT_3D ( 'NONE', #193, #2529, #414 ) ;
#1650 = AXIS2_PLACEMENT_3D ( 'NONE', #2668, #1654, #2685 ) ;
#1651 = DIRECTION ( 'NONE',  ( 0.000000000000000000, 1.000000000000000000, 8.741913579725648610E-15 ) ) ;
#1652 = ADVANCED_FACE ( 'NONE', ( #1284 ), #1678, .T. ) ;
#1653 = CARTESIAN_POINT ( 'NONE',  ( 1.509345494847627256, 2.192196152039918911, 4.245921624081153034 ) ) ;
#1654 = DIRECTION ( 'NONE',  ( -0.000000000000000000, -1.047444401652940007E-14, 1.000000000000000000 ) ) ;
#1655 = VERTEX_POINT ( 'NONE', #1462 ) ;
#1656 = CARTESIAN_POINT ( 'NONE',  ( 1.430263821016521719, 2.528203907994234889, 5.749963835247865696 ) ) ;
#1657 = CYLINDRICAL_SURFACE ( 'NONE', #2369, 0.01968503937007848661 ) ;
#1658 = EDGE_LOOP ( 'NONE', ( #2740, #2171, #177, #162 ) ) ;
#1659 = CARTESIAN_POINT ( 'NONE',  ( 1.542540394083116606, 2.855203218455508729, 4.241922228444617637 ) ) ;
#1660 = ORIENTED_EDGE ( 'NONE', *, *, #1531, .F. ) ;
#1661 = DIRECTION ( 'NONE',  ( -0.5980431156508640989, -0.8014639304563911937, 0.000000000000000000 ) ) ;
#1662 = DIRECTION ( 'NONE',  ( 0.000000000000000000, 0.000000000000000000, 1.000000000000000000 ) ) ;
#1663 = CARTESIAN_POINT ( 'NONE',  ( 1.148186915029422384, 2.280801789588446038, 2.159514303417144010 ) ) ;
#1664 = CARTESIAN_POINT ( 'NONE',  ( 1.339602434198062131, 2.861861293922594474, 4.244871709271633264 ) ) ;
#1665 = ADVANCED_FACE ( 'NONE', ( #846 ), #2302, .F. ) ;
#1666 = PLANE ( 'NONE',  #2062 ) ;
#1667 = ORIENTED_EDGE ( 'NONE', *, *, #2780, .F. ) ;
#1668 = CARTESIAN_POINT ( 'NONE',  ( 1.430263821016529491, 2.528203907994290844, 1.529963835247838411 ) ) ;
#1669 = CARTESIAN_POINT ( 'NONE',  ( 1.658106757640245954, 2.268902748024684612, 4.215062834496563049 ) ) ;
#1670 = ORIENTED_EDGE ( 'NONE', *, *, #2025, .T. ) ;
#1671 = CARTESIAN_POINT ( 'NONE',  ( 1.816445482166382019, 3.528203907994290844, 4.809618610024765317 ) ) ;
#1672 = CONICAL_SURFACE ( 'NONE', #97, 22.73032555864669746, 0.5235987755982991487 ) ;
#1673 = DIRECTION ( 'NONE',  ( 0.000000000000000000, 0.000000000000000000, 1.000000000000000000 ) ) ;
#1674 = DIRECTION ( 'NONE',  ( 0.000000000000000000, 0.000000000000000000, 1.000000000000000000 ) ) ;
#1675 = CARTESIAN_POINT ( 'NONE',  ( 1.405718789504345700, 2.153203907994289956, 2.129963835247838055 ) ) ;
#1676 = CARTESIAN_POINT ( 'NONE',  ( 1.542352908995957561, 2.201720756311149607, 4.241733212263121722 ) ) ;
#1677 = EDGE_CURVE ( 'NONE', #1644, #1044, #1834, .T. ) ;
#1678 = CYLINDRICAL_SURFACE ( 'NONE', #1459, 0.01968503937007848661 ) ;
#1679 = EDGE_LOOP ( 'NONE', ( #562, #1784, #2476, #1810 ) ) ;
#1680 = VECTOR ( 'NONE', #328, 39.37007874015748143 ) ;
#1681 = AXIS2_PLACEMENT_3D ( 'NONE', #908, #47, #2390 ) ;
#1682 = CLOSED_SHELL ( 'NONE', ( #1615, #2075, #2217, #1202, #1387, #1312, #575, #2495, #320, #94, #63, #1092, #2346, #2700, #1069, #954, #2737, #2353, #2679, #353, #1612, #275, #1577, #1383, #356, #1523 ) ) ;
#1683 = CARTESIAN_POINT ( 'NONE',  ( 1.055263821016529713, 2.503289250921436171, 4.797241541016584954 ) ) ;
#1684 = DIRECTION ( 'NONE',  ( -0.5980431156508589918, -0.8014639304563950795, 0.000000000000000000 ) ) ;
#1685 = ORIENTED_EDGE ( 'NONE', *, *, #2436, .T. ) ;
#1686 = DIRECTION ( 'NONE',  ( 0.000000000000000000, 1.047444401652940007E-14, -1.000000000000000000 ) ) ;
#1687 = CARTESIAN_POINT ( 'NONE',  ( 1.257005010237014941, 2.229652947853971057, 2.749907009083532028 ) ) ;
#1688 = LINE ( 'NONE', #656, #163 ) ;
#1689 = ORIENTED_EDGE ( 'NONE', *, *, #2034, .F. ) ;
#1690 = VECTOR ( 'NONE', #1856, 39.37007874015748143 ) ;
#1691 = EDGE_CURVE ( 'NONE', #710, #1044, #424, .T. ) ;
#1692 = CARTESIAN_POINT ( 'NONE',  ( 1.802866273581676282, 2.577287982794026711, 4.797936669684592204 ) ) ;
#1693 = CIRCLE ( 'NONE', #72, 0.01968503937007848661 ) ;
#1694 = CIRCLE ( 'NONE', #2319, 0.2499999999999998057 ) ;
#1695 = CARTESIAN_POINT ( 'NONE',  ( 1.384413364640251443, 2.870898321502189710, 2.731018296503143539 ) ) ;
#1696 = VECTOR ( 'NONE', #30, 39.37007874015748854 ) ;
#1697 = DIRECTION ( 'NONE',  ( 0.000000000000000000, 0.000000000000000000, 1.000000000000000000 ) ) ;
#1698 = VERTEX_POINT ( 'NONE', #602 ) ;
#1699 = CARTESIAN_POINT ( 'NONE',  ( 1.584192740984864178, 2.837785020950283066, 4.234512921310028766 ) ) ;
#1700 = CARTESIAN_POINT ( 'NONE',  ( 1.156399548949737843, 2.784662790837376445, 2.157794506409663970 ) ) ;
#1701 = ORIENTED_EDGE ( 'NONE', *, *, #679, .F. ) ;
#1702 = CARTESIAN_POINT ( 'NONE',  ( 1.193849270086634773, 2.779712067583914870, 2.767622722936982083 ) ) ;
#1703 = ADVANCED_FACE ( 'NONE', ( #2316, #2139 ), #1666, .T. ) ;
#1704 = CARTESIAN_POINT ( 'NONE',  ( 1.384796798680155927, 2.185439566308872816, 2.730986950350398956 ) ) ;
#1705 = CARTESIAN_POINT ( 'NONE',  ( 1.792580313445932383, 2.625688548691860635, 2.179108930485756268 ) ) ;
#1706 = ORIENTED_EDGE ( 'NONE', *, *, #266, .T. ) ;
#1707 = CARTESIAN_POINT ( 'NONE',  ( 1.430263821016521719, 2.778203907994257094, 3.599963835247868893 ) ) ;
#1708 = CARTESIAN_POINT ( 'NONE',  ( 1.116177665962525989, 2.385024783510357071, 4.182042178940011290 ) ) ;
#1709 = CARTESIAN_POINT ( 'NONE',  ( 1.353742556218683557, 2.425654389333531835, 1.719963835247838357 ) ) ;
#1710 = EDGE_LOOP ( 'NONE', ( #2085, #2752, #802 ) ) ;
#1711 = CARTESIAN_POINT ( 'NONE',  ( 1.772368016461075335, 2.574273961662115529, 4.168614258737786571 ) ) ;
#1712 = CARTESIAN_POINT ( 'NONE',  ( 1.631821214449237667, 2.247978629896892233, 4.222812985874492497 ) ) ;
#1713 = EDGE_LOOP ( 'NONE', ( #678, #1133 ) ) ;
#1714 = CARTESIAN_POINT ( 'NONE',  ( 1.350987529923450170, 2.864164398261203281, 2.734027053199813206 ) ) ;
#1715 = EDGE_CURVE ( 'NONE', #2080, #1628, #2581, .T. ) ;
#1716 = CARTESIAN_POINT ( 'NONE',  ( 1.131452596922651654, 2.354321335746490274, 2.791041457593044672 ) ) ;
#1717 = FACE_OUTER_BOUND ( 'NONE', #2140, .T. ) ;
#1718 = ORIENTED_EDGE ( 'NONE', *, *, #2712, .T. ) ;
#1719 = UNCERTAINTY_MEASURE_WITH_UNIT (LENGTH_MEASURE( 1.000000000000000082E-05 ), #2719, 'distance_accuracy_value', 'NONE');
#1720 = CARTESIAN_POINT ( 'NONE',  ( 1.766644474006597854, 2.694411156478654590, 4.807721029956482539 ) ) ;
#1721 = CIRCLE ( 'NONE', #1583, 0.3450000000000000289 ) ;
#1722 = CARTESIAN_POINT ( 'NONE',  ( 1.774701556519938439, 2.505419161538692485, 2.812494817940397684 ) ) ;
#1723 = CARTESIAN_POINT ( 'NONE',  ( 1.430263821016530601, 3.028203907994290844, 3.489963835247838375 ) ) ;
#1724 = ORIENTED_EDGE ( 'NONE', *, *, #2325, .F. ) ;
#1725 = CARTESIAN_POINT ( 'NONE',  ( 1.297694367774928415, 2.177206155003692523, 4.843534640619632903 ) ) ;
#1726 = CIRCLE ( 'NONE', #2048, 1.375000000000000000 ) ;
#1727 = EDGE_CURVE ( 'NONE', #2669, #339, #2372, .T. ) ;
#1728 = CARTESIAN_POINT ( 'NONE',  ( 1.640875879651074509, 2.254722544664682360, 4.220253862044411441 ) ) ;
#1729 = ORIENTED_EDGE ( 'NONE', *, *, #1346, .F. ) ;
#1730 = DIRECTION ( 'NONE',  ( 0.000000000000000000, -1.000000000000000000, 0.000000000000000000 ) ) ;
#1731 = AXIS2_PLACEMENT_3D ( 'NONE', #1261, #404, #2106 ) ;
#1732 = AXIS2_PLACEMENT_3D ( 'NONE', #1833, #375, #2285 ) ;
#1733 = CARTESIAN_POINT ( 'NONE',  ( 1.430263821016529047, 2.528203907994290844, 1.719963835247838357 ) ) ;
#1734 = CARTESIAN_POINT ( 'NONE',  ( 1.767222413847775453, 2.694576748284276846, 2.172332376703172141 ) ) ;
#1735 = CARTESIAN_POINT ( 'NONE',  ( 1.710423950376979585, 2.326557817905043901, 4.196473486526271834 ) ) ;
#1736 = CIRCLE ( 'NONE', #2315, 0.6499999999999999112 ) ;
#1737 = ORIENTED_EDGE ( 'NONE', *, *, #121, .T. ) ;
#1738 = COLOUR_RGB ( '',0.7921568627450980005, 0.8196078431372548767, 0.9333333333333333481 ) ;
#1739 = CARTESIAN_POINT ( 'NONE',  ( 1.353742556218683557, 2.425654389333531391, 1.719963835247838357 ) ) ;
#1740 = VECTOR ( 'NONE', #474, 39.37007874015748143 ) ;
#1741 = CARTESIAN_POINT ( 'NONE',  ( 1.201611412193348771, 2.268903124984270825, 4.214941469940962193 ) ) ;
#1742 = EDGE_CURVE ( 'NONE', #1003, #1744, #927, .T. ) ;
#1743 = CARTESIAN_POINT ( 'NONE',  ( 1.430263821016529491, 2.873203907994290596, 2.729963835247838144 ) ) ;
#1744 = VERTEX_POINT ( 'NONE', #1709 ) ;
#1745 = COLOUR_RGB ( '',0.7921568627450980005, 0.8196078431372548767, 0.9333333333333333481 ) ;
#1746 = AXIS2_PLACEMENT_3D ( 'NONE', #1880, #2738, #1240 ) ;
#1747 = CARTESIAN_POINT ( 'NONE',  ( 1.739389222039976035, 2.681806779840010702, 2.795647232451009767 ) ) ;
#1748 = FACE_OUTER_BOUND ( 'NONE', #2329, .T. ) ;
#1749 = VERTEX_POINT ( 'NONE', #2332 ) ;
#1750 = CARTESIAN_POINT ( 'NONE',  ( 1.131101568116172684, 2.701499991831385117, 2.791190572551917715 ) ) ;
#1751 = FACE_OUTER_BOUND ( 'NONE', #88, .T. ) ;
#1752 = FACE_OUTER_BOUND ( 'NONE', #385, .T. ) ;
#1753 = CARTESIAN_POINT ( 'NONE',  ( 1.430263821016521719, 2.528203907994234889, 5.749963835247865696 ) ) ;
#1754 = CARTESIAN_POINT ( 'NONE',  ( 1.103243054844962989, 2.416025851178650097, 4.176074325555193312 ) ) ;
#1755 = CARTESIAN_POINT ( 'NONE',  ( 1.149849458254499135, 2.729497056698330759, 2.783555089045227859 ) ) ;
#1756 = FACE_OUTER_BOUND ( 'NONE', #708, .T. ) ;
#1757 = ORIENTED_EDGE ( 'NONE', *, *, #2664, .F. ) ;
#1758 = B_SPLINE_CURVE_WITH_KNOTS ( 'NONE', 3,
 ( #545, #1013, #2124, #1458, #1621, #764, #1251, #2300, #2522, #1198, #1890, #1028, #2070, #144, #1433, #174, #559, #972, #367, #1838, #396, #2534, #1864, #2483, #2109, #2094 ),
 .UNSPECIFIED., .F., .F.,
 ( 4, 2, 2, 2, 2, 2, 2, 2, 2, 2, 2, 2, 4 ),
 ( 0.02778037299797635196, 0.02864772000444465450, 0.02951506701091296050, 0.03124976102384953089, 0.03211710803031782996, 0.03298445503678613250, 0.03385180204325442810, 0.03471914904972273064, 0.03645384306265936347, 0.03818853707559599631, 0.03992323108853262914, 0.04079057809500093862, 0.04165792510146924810 ),
 .UNSPECIFIED. ) ;
#1759 = CARTESIAN_POINT ( 'NONE',  ( 1.156603082532422944, 2.271527276662960393, 4.822175093173190596 ) ) ;
#1760 = FACE_OUTER_BOUND ( 'NONE', #1841, .T. ) ;
#1761 = EDGE_LOOP ( 'NONE', ( #445, #1860 ) ) ;
#1762 = FACE_OUTER_BOUND ( 'NONE', #2053, .T. ) ;
#1763 = PLANE ( 'NONE',  #2409 ) ;
#1764 = CARTESIAN_POINT ( 'NONE',  ( 1.805263821016529047, 2.552805352858985799, 2.182686129479090020 ) ) ;
#1765 = LINE ( 'NONE', #1573, #1381 ) ;
#1766 = CARTESIAN_POINT ( 'NONE',  ( 1.430263821016529047, 2.388203907994290720, 1.719963835247838357 ) ) ;
#1767 = EDGE_CURVE ( 'NONE', #1538, #960, #680, .T. ) ;
#1768 = FACE_OUTER_BOUND ( 'NONE', #1263, .T. ) ;
#1769 = CARTESIAN_POINT ( 'NONE',  ( 1.430263821016529047, 2.668203907994290969, 1.719963835247838357 ) ) ;
#1770 = ORIENTED_EDGE ( 'NONE', *, *, #1815, .F. ) ;
#1771 = EDGE_CURVE ( 'NONE', #913, #2473, #1783, .T. ) ;
#1772 = CARTESIAN_POINT ( 'NONE',  ( 1.067919831698451949, 2.430816423862046882, 4.800811168590437994 ) ) ;
#1773 = DIRECTION ( 'NONE',  ( -0.000000000000000000, 1.000000000000000000, -0.000000000000000000 ) ) ;
#1774 = VERTEX_POINT ( 'NONE', #70 ) ;
#1775 = CARTESIAN_POINT ( 'NONE',  ( 1.430263821016521719, 2.653203907994255317, 3.799963835247867294 ) ) ;
#1776 = PLANE ( 'NONE',  #556 ) ;
#1777 = CARTESIAN_POINT ( 'NONE',  ( 1.430263821016529047, 2.528203907994290844, 1.229963835247838366 ) ) ;
#1778 = LINE ( 'NONE', #1562, #2096 ) ;
#1779 = CARTESIAN_POINT ( 'NONE',  ( 1.677955883294179884, 2.245583161935417849, 2.152592819452725514 ) ) ;
#1780 = CIRCLE ( 'NONE', #1641, 0.3749999999999999445 ) ;
#1781 = VECTOR ( 'NONE', #1222, 39.37007874015748143 ) ;
#1782 = DIRECTION ( 'NONE',  ( 0.000000000000000000, 0.000000000000000000, -1.000000000000000000 ) ) ;
#1783 = LINE ( 'NONE', #1769, #1461 ) ;
#1784 = ORIENTED_EDGE ( 'NONE', *, *, #2097, .F. ) ;
#1785 = AXIS2_PLACEMENT_3D ( 'NONE', #211, #2351, #449 ) ;
#1786 = DIRECTION ( 'NONE',  ( -0.000000000000000000, -1.000000000000000000, -0.000000000000000000 ) ) ;
#1787 = ORIENTED_EDGE ( 'NONE', *, *, #2160, .F. ) ;
#1788 = CYLINDRICAL_SURFACE ( 'NONE', #1681, 0.1400000000000001521 ) ;
#1789 = DIRECTION ( 'NONE',  ( 0.000000000000000000, 1.000000000000000000, -0.000000000000000000 ) ) ;
#1790 = CARTESIAN_POINT ( 'NONE',  ( 1.506785085814376313, 2.630753426655049854, 2.701774835247837903 ) ) ;
#1791 = ORIENTED_EDGE ( 'NONE', *, *, #1973, .F. ) ;
#1792 = AXIS2_PLACEMENT_3D ( 'NONE', #2434, #2661, #1338 ) ;
#1793 = DIRECTION ( 'NONE',  ( -0.2808593899271646377, 0.000000000000000000, -0.9597489271104922004 ) ) ;
#1794 = ADVANCED_FACE ( 'NONE', ( #903 ), #2426, .F. ) ;
#1795 = CARTESIAN_POINT ( 'NONE',  ( 1.771804923129299825, 2.372876281713772073, 2.173539274885885497 ) ) ;
#1796 = DIRECTION ( 'NONE',  ( 1.000000000000000000, 0.000000000000000000, 0.000000000000000000 ) ) ;
#1797 = DIRECTION ( 'NONE',  ( 0.000000000000000000, 0.000000000000000000, 1.000000000000000000 ) ) ;
#1798 = ORIENTED_EDGE ( 'NONE', *, *, #909, .F. ) ;
#1799 = DIRECTION ( 'NONE',  ( -0.000000000000000000, 0.000000000000000000, -1.000000000000000000 ) ) ;
#1800 = ORIENTED_EDGE ( 'NONE', *, *, #1909, .T. ) ;
#1801 = CARTESIAN_POINT ( 'NONE',  ( 1.453074303932085254, 2.183766604919199938, 2.730219788010330717 ) ) ;
#1802 = CARTESIAN_POINT ( 'NONE',  ( 1.767226982520402334, 2.361830669360989621, 4.807594286696801333 ) ) ;
#1803 = DIRECTION ( 'NONE',  ( 1.000000000000000000, 0.000000000000000000, 0.000000000000000000 ) ) ;
#1804 = ORIENTED_EDGE ( 'NONE', *, *, #2619, .F. ) ;
#1805 = CARTESIAN_POINT ( 'NONE',  ( 1.085263821016529517, 2.528203907994290844, 2.129963835247838499 ) ) ;
#1806 = ADVANCED_FACE ( 'NONE', ( #1119, #2598 ), #2167, .T. ) ;
#1807 = CARTESIAN_POINT ( 'NONE',  ( 1.618608464844374595, 2.853387041999814411, 4.837014519704327498 ) ) ;
#1808 = DIRECTION ( 'NONE',  ( 0.000000000000000000, 0.000000000000000000, -1.000000000000000000 ) ) ;
#1809 = CARTESIAN_POINT ( 'NONE',  ( 1.085825612377102622, 2.550994689462126264, 4.167432619724293907 ) ) ;
#1810 = ORIENTED_EDGE ( 'NONE', *, *, #1646, .T. ) ;
#1811 = CIRCLE ( 'NONE', #2222, 0.3450000000000000289 ) ;
#1812 = PRESENTATION_STYLE_ASSIGNMENT (( #535 ) ) ;
#1813 = ORIENTED_EDGE ( 'NONE', *, *, #2246, .F. ) ;
#1814 = AXIS2_PLACEMENT_3D ( 'NONE', #557, #2494, #1393 ) ;
#1815 = EDGE_CURVE ( 'NONE', #2674, #2113, #438, .T. ) ;
#1816 = DIRECTION ( 'NONE',  ( -0.5980431156508598800, -0.8014639304563944133, 0.000000000000000000 ) ) ;
#1817 = VERTEX_POINT ( 'NONE', #42 ) ;
#1818 = DIRECTION ( 'NONE',  ( 0.000000000000000000, 0.000000000000000000, -1.000000000000000000 ) ) ;
#1819 = DIRECTION ( 'NONE',  ( -0.000000000000000000, -0.000000000000000000, -1.000000000000000000 ) ) ;
#1820 = CARTESIAN_POINT ( 'NONE',  ( 1.442534722211872067, 2.153203907994291288, 2.129963835247838499 ) ) ;
#1821 = EDGE_CURVE ( 'NONE', #851, #2669, #1967, .T. ) ;
#1822 = AXIS2_PLACEMENT_3D ( 'NONE', #1074, #1451, #2320 ) ;
#1823 = CARTESIAN_POINT ( 'NONE',  ( 1.055263821016529935, 2.553102155186139033, 4.797241541016585842 ) ) ;
#1824 = CARTESIAN_POINT ( 'NONE',  ( 1.182429148805364205, 2.245723206552491913, 4.827306767099215357 ) ) ;
#1825 = CARTESIAN_POINT ( 'NONE',  ( 1.430263821016529047, 2.528203907994290844, 0.9299638352478384329 ) ) ;
#1826 = EDGE_CURVE ( 'NONE', #1082, #1007, #1991, .T. ) ;
#1827 = DIRECTION ( 'NONE',  ( -0.5980431156508640989, -0.8014639304563911937, 0.000000000000000000 ) ) ;
#1828 = ORIENTED_EDGE ( 'NONE', *, *, #2410, .T. ) ;
#1829 = AXIS2_PLACEMENT_3D ( 'NONE', #2714, #963, #1831 ) ;
#1830 = CARTESIAN_POINT ( 'NONE',  ( 1.430263821016521719, 2.403203907994255317, 3.799963835247865518 ) ) ;
#1831 = DIRECTION ( 'NONE',  ( 0.000000000000000000, 0.000000000000000000, 1.000000000000000000 ) ) ;
#1832 = ORIENTED_EDGE ( 'NONE', *, *, #490, .F. ) ;
#1833 = CARTESIAN_POINT ( 'NONE',  ( 1.430263821016521719, 2.528203907994231781, 6.049963835247866406 ) ) ;
#1834 = CIRCLE ( 'NONE', #969, 0.2499999999999998057 ) ;
#1835 = AXIS2_PLACEMENT_3D ( 'NONE', #843, #228, #2150 ) ;
#1836 = AXIS2_PLACEMENT_3D ( 'NONE', #589, #1923, #2154 ) ;
#1837 = CARTESIAN_POINT ( 'NONE',  ( 1.407474000650988266, 2.183203907994291093, 2.729963835247838588 ) ) ;
#1838 = CARTESIAN_POINT ( 'NONE',  ( 1.318051311026496863, 2.855220474112587059, 4.241930062334851037 ) ) ;
#1839 = DIRECTION ( 'NONE',  ( -0.5980431156508640989, -0.8014639304563911937, 0.000000000000000000 ) ) ;
#1840 = ORIENTED_EDGE ( 'NONE', *, *, #1165, .T. ) ;
#1841 = EDGE_LOOP ( 'NONE', ( #1163, #1388, #1945, #1981 ) ) ;
#1842 = PLANE ( 'NONE',  #422 ) ;
#1843 = DIRECTION ( 'NONE',  ( 0.000000000000000000, 1.000000000000000000, 1.008682336122189690E-14 ) ) ;
#1844 = ORIENTED_EDGE ( 'NONE', *, *, #844, .F. ) ;
#1845 = CARTESIAN_POINT ( 'NONE',  ( 1.430263821016521719, 2.528203907994231781, 6.049963835247866406 ) ) ;
#1846 = ORIENTED_EDGE ( 'NONE', *, *, #1877, .T. ) ;
#1847 = CARTESIAN_POINT ( 'NONE',  ( 1.775263821016529464, 2.528203907994290844, 5.749963835247865696 ) ) ;
#1848 = EDGE_CURVE ( 'NONE', #395, #734, #1201, .T. ) ;
#1849 = CARTESIAN_POINT ( 'NONE',  ( 1.105063401295507841, 2.339889681523685816, 2.169343486216051442 ) ) ;
#1850 = DIRECTION ( 'NONE',  ( 0.000000000000000000, -1.000000000000000000, 0.000000000000000000 ) ) ;
#1851 = ORIENTED_EDGE ( 'NONE', *, *, #121, .F. ) ;
#1852 = LENGTH_MEASURE_WITH_UNIT ( LENGTH_MEASURE( 0.02539999999999999897 ), #2026 );
#1853 = EDGE_CURVE ( 'NONE', #1817, #1160, #2625, .T. ) ;
#1854 = ORIENTED_EDGE ( 'NONE', *, *, #992, .T. ) ;
#1855 = CARTESIAN_POINT ( 'NONE',  ( 1.430263821016529491, 1.528203907994290622, 3.489963835247838375 ) ) ;
#1856 = DIRECTION ( 'NONE',  ( 0.000000000000000000, 0.000000000000000000, -1.000000000000000000 ) ) ;
#1857 = EDGE_LOOP ( 'NONE', ( #2464, #771, #2256 ) ) ;
#1858 = LINE ( 'NONE', #1645, #2535 ) ;
#1859 = EDGE_CURVE ( 'NONE', #1377, #1471, #1341, .T. ) ;
#1860 = ORIENTED_EDGE ( 'NONE', *, *, #1087, .F. ) ;
#1861 = DIRECTION ( 'NONE',  ( 0.000000000000000000, 1.000000000000000000, 0.000000000000000000 ) ) ;
#1862 =( LENGTH_UNIT ( ) NAMED_UNIT ( * ) SI_UNIT ( $, .METRE. ) );
#1863 = ORIENTED_CLOSED_SHELL ( 'NONE', *, #112, .F. );
#1864 = CARTESIAN_POINT ( 'NONE',  ( 1.384656973683497050, 2.870368304750606558, 4.248680150374546827 ) ) ;
#1865 = CARTESIAN_POINT ( 'NONE',  ( 1.430263821016530601, 3.528203907994290844, 3.489963835247838375 ) ) ;
#1866 = VECTOR ( 'NONE', #1782, 39.37007874015748143 ) ;
#1867 = FACE_OUTER_BOUND ( 'NONE', #166, .T. ) ;
#1868 = EDGE_LOOP ( 'NONE', ( #1463, #529, #759, #2771 ) ) ;
#1869 = CARTESIAN_POINT ( 'NONE',  ( 1.430263821016529491, 2.183203907994290649, 2.729963835247838144 ) ) ;
#1870 = DIRECTION ( 'NONE',  ( 0.000000000000000000, 0.000000000000000000, -1.000000000000000000 ) ) ;
#1871 = EDGE_LOOP ( 'NONE', ( #1353, #2702 ) ) ;
#1872 = DIRECTION ( 'NONE',  ( 0.000000000000000000, 0.000000000000000000, -1.000000000000000000 ) ) ;
#1873 = AXIS2_PLACEMENT_3D ( 'NONE', #1585, #1126, #49 ) ;
#1874 = ORIENTED_EDGE ( 'NONE', *, *, #2312, .F. ) ;
#1875 = FACE_OUTER_BOUND ( 'NONE', #437, .T. ) ;
#1876 = CIRCLE ( 'NONE', #516, 0.2499999999999998057 ) ;
#1877 = EDGE_CURVE ( 'NONE', #374, #2284, #2225, .T. ) ;
#1878 = AXIS2_PLACEMENT_3D ( 'NONE', #2254, #533, #342 ) ;
#1879 = DIRECTION ( 'NONE',  ( 0.000000000000000000, 1.047444401652940007E-14, -1.000000000000000000 ) ) ;
#1880 = CARTESIAN_POINT ( 'NONE',  ( 1.430263821016521719, 2.528203907994257538, 3.599963835247866228 ) ) ;
#1881 = DIRECTION ( 'NONE',  ( 0.000000000000000000, 0.000000000000000000, -1.000000000000000000 ) ) ;
#1882 = ORIENTED_EDGE ( 'NONE', *, *, #1531, .T. ) ;
#1883 = CARTESIAN_POINT ( 'NONE',  ( 1.704345341713383366, 2.738911891938305754, 4.198947597115246566 ) ) ;
#1884 = ADVANCED_FACE ( 'NONE', ( #1100 ), #284, .T. ) ;
#1885 = CARTESIAN_POINT ( 'NONE',  ( 1.125397945602752969, 2.746912292854636117, 2.164555884280237041 ) ) ;
#1886 = ORIENTED_EDGE ( 'NONE', *, *, #67, .F. ) ;
#1887 = CARTESIAN_POINT ( 'NONE',  ( 1.487164782772883997, 2.868672609564820064, 4.247914905660812757 ) ) ;
#1888 = FACE_BOUND ( 'NONE', #1443, .T. ) ;
#1889 = CARTESIAN_POINT ( 'NONE',  ( 1.430263821016529491, 2.153203907994290844, 2.129963835247838499 ) ) ;
#1890 = CARTESIAN_POINT ( 'NONE',  ( 1.137674793147362529, 2.711345080521166739, 4.191417049168803644 ) ) ;
#1891 = CARTESIAN_POINT ( 'NONE',  ( 1.666332146479185150, 2.276370870215930431, 4.212418264492141518 ) ) ;
#1892 = B_SPLINE_CURVE_WITH_KNOTS ( 'NONE', 3,
 ( #2270, #1218, #2688, #756, #1616, #2478, #1453, #1926, #206, #2586, #2571, #389, #650, #633, #1669, #1728, #1712, #2142, #1075, #608, #2362, #1493, #592, #1061, #2170, #1513 ),
 .UNSPECIFIED., .F., .F.,
 ( 4, 2, 2, 2, 2, 2, 2, 2, 2, 2, 2, 2, 4 ),
 ( 0.000000000000000000, 0.001736907224604571261, 0.002605360836906855156, 0.003473814449209138618, 0.005210721673813706843, 0.006079175286116008520, 0.006947628898418310196, 0.007816082510720611873, 0.008684536123022914417, 0.01042144334762751257, 0.01128989695992982031, 0.01215835057223212633, 0.01389525779683674009 ),
 .UNSPECIFIED. ) ;
#1893 = DIRECTION ( 'NONE',  ( -0.5980431156508640989, -0.8014639304563911937, 0.000000000000000000 ) ) ;
#1894 = VERTEX_POINT ( 'NONE', #54 ) ;
#1895 = CARTESIAN_POINT ( 'NONE',  ( 1.763932274088277241, 2.437590994476969364, 2.807108977680289996 ) ) ;
#1896 = ADVANCED_FACE ( 'NONE', ( #1142 ), #2386, .T. ) ;
#1897 = CYLINDRICAL_SURFACE ( 'NONE', #1418, 0.1279527559055119446 ) ;
#1898 = ORIENTED_EDGE ( 'NONE', *, *, #1118, .T. ) ;
#1899 = CARTESIAN_POINT ( 'NONE',  ( 1.085263821016529517, 2.528203907994290844, 4.167145494775028602 ) ) ;
#1900 = ADVANCED_FACE ( 'NONE', ( #1756 ), #2613, .T. ) ;
#1901 = CARTESIAN_POINT ( 'NONE',  ( 1.430263821016530601, 3.028203907994290844, 3.489963835247838375 ) ) ;
#1902 = DIRECTION ( 'NONE',  ( 0.000000000000000000, 0.000000000000000000, -1.000000000000000000 ) ) ;
#1903 = VERTEX_POINT ( 'NONE', #2265 ) ;
#1904 = CARTESIAN_POINT ( 'NONE',  ( 1.201611412193348771, 2.268903124984270825, 4.214941469940962193 ) ) ;
#1905 = CARTESIAN_POINT ( 'NONE',  ( 1.087496731581572451, 2.482759657686336219, 4.168297361960803471 ) ) ;
#1906 = DIRECTION ( 'NONE',  ( 0.000000000000000000, 1.000000000000000000, 1.092739197465706076E-14 ) ) ;
#1907 = ORIENTED_EDGE ( 'NONE', *, *, #1742, .F. ) ;
#1908 = CIRCLE ( 'NONE', #10, 0.6600000000000004752 ) ;
#1909 = EDGE_CURVE ( 'NONE', #697, #1073, #214, .T. ) ;
#1910 = VECTOR ( 'NONE', #1037, 39.37007874015748143 ) ;
#1911 = CARTESIAN_POINT ( 'NONE',  ( 1.775263821016529242, 2.539758713025635384, 4.167145494775028602 ) ) ;
#1912 = DIRECTION ( 'NONE',  ( 0.000000000000000000, 0.000000000000000000, -1.000000000000000000 ) ) ;
#1913 = EDGE_LOOP ( 'NONE', ( #1316, #2226, #264, #1120 ) ) ;
#1914 = CARTESIAN_POINT ( 'NONE',  ( 1.219309236693444820, 2.801421823573138070, 2.759772616198432615 ) ) ;
#1915 = CARTESIAN_POINT ( 'NONE',  ( 1.286926668013074870, 2.214188964400053639, 2.743528934127736907 ) ) ;
#1916 = CARTESIAN_POINT ( 'NONE',  ( 1.755663283720081846, 2.716213809760002373, 2.169390699524267330 ) ) ;
#1917 = ORIENTED_EDGE ( 'NONE', *, *, #1996, .F. ) ;
#1918 = AXIS2_PLACEMENT_3D ( 'NONE', #936, #252, #700 ) ;
#1919 = CARTESIAN_POINT ( 'NONE',  ( 1.170234841462211461, 2.300379962979302473, 4.204288288600668722 ) ) ;
#1920 = AXIS2_PLACEMENT_3D ( 'NONE', #576, #2722, #87 ) ;
#1921 = CARTESIAN_POINT ( 'NONE',  ( 1.085263821016529073, 2.505427821826686774, 4.167145494775027714 ) ) ;
#1922 = CIRCLE ( 'NONE', #1792, 0.1400000000000001521 ) ;
#1923 = DIRECTION ( 'NONE',  ( 0.000000000000000000, 0.000000000000000000, -1.000000000000000000 ) ) ;
#1924 = EDGE_LOOP ( 'NONE', ( #2587, #568, #860, #2128 ) ) ;
#1925 = CARTESIAN_POINT ( 'NONE',  ( 1.774679355988669105, 2.551348446347231125, 4.167444179696072837 ) ) ;
#1926 = CARTESIAN_POINT ( 'NONE',  ( 1.739794889407930922, 2.374177698937883108, 4.184141389022936863 ) ) ;
#1927 = ORIENTED_EDGE ( 'NONE', *, *, #736, .F. ) ;
#1928 = CARTESIAN_POINT ( 'NONE',  ( 1.085263821016529517, 2.528203907994290844, 2.129963835247838499 ) ) ;
#1929 = CARTESIAN_POINT ( 'NONE',  ( 1.430263821016529491, 1.768203907994290391, 2.829963835247838233 ) ) ;
#1930 = DIRECTION ( 'NONE',  ( 0.000000000000000000, 0.000000000000000000, 1.000000000000000000 ) ) ;
#1931 = ORIENTED_EDGE ( 'NONE', *, *, #763, .T. ) ;
#1932 = CARTESIAN_POINT ( 'NONE',  ( 1.430263821016529047, 2.388203907994290720, 1.229963835247838366 ) ) ;
#1933 = EDGE_CURVE ( 'NONE', #824, #2296, #2595, .T. ) ;
#1934 = CARTESIAN_POINT ( 'NONE',  ( 1.131589471776085487, 2.355159469899184010, 4.188839442864875195 ) ) ;
#1935 = DIRECTION ( 'NONE',  ( -0.2808593899271646932, 0.000000000000000000, -0.9597489271104920894 ) ) ;
#1936 = ORIENTED_EDGE ( 'NONE', *, *, #1937, .T. ) ;
#1937 = EDGE_CURVE ( 'NONE', #1655, #1073, #1000, .T. ) ;
#1938 = CARTESIAN_POINT ( 'NONE',  ( 1.641079982420037719, 2.254878958530485811, 2.759732549034763949 ) ) ;
#1939 = CARTESIAN_POINT ( 'NONE',  ( 1.055263821016528381, 2.528203907994292621, 2.182686129479090908 ) ) ;
#1940 = ORIENTED_EDGE ( 'NONE', *, *, #1646, .F. ) ;
#1941 = CARTESIAN_POINT ( 'NONE',  ( 1.228373567055108584, 2.808188826165798790, 2.757206583867153782 ) ) ;
#1942 = CARTESIAN_POINT ( 'NONE',  ( 1.156351766180481189, 2.317264383979736664, 2.780913185543175015 ) ) ;
#1943 = DIRECTION ( 'NONE',  ( 0.2990215578254299955, 0.4007319652281974287, -0.8660254037844385966 ) ) ;
#1944 = CARTESIAN_POINT ( 'NONE',  ( 1.430263821016529713, 3.028203907994290844, 4.849963835247837807 ) ) ;
#1945 = ORIENTED_EDGE ( 'NONE', *, *, #2664, .T. ) ;
#1946 = ADVANCED_FACE ( 'NONE', ( #1215 ), #300, .T. ) ;
#1947 = CARTESIAN_POINT ( 'NONE',  ( 1.131589471776085487, 2.355159469899184010, 4.188839442864875195 ) ) ;
#1948 = CARTESIAN_POINT ( 'NONE',  ( 1.430263821016529491, 2.873203907994290596, 2.729963835247838144 ) ) ;
#1949 = CARTESIAN_POINT ( 'NONE',  ( 1.430263821016521719, 3.178203907994231692, 6.049963835247873511 ) ) ;
#1950 = ORIENTED_EDGE ( 'NONE', *, *, #1102, .F. ) ;
#1951 = CARTESIAN_POINT ( 'NONE',  ( 1.476508023747718168, 2.870842845401139876, 2.731043418773099418 ) ) ;
#1952 = AXIS2_PLACEMENT_3D ( 'NONE', #745, #2502, #740 ) ;
#1953 = CYLINDRICAL_SURFACE ( 'NONE', #2416, 1.375000000000000000 ) ;
#1954 = ORIENTED_EDGE ( 'NONE', *, *, #2114, .T. ) ;
#1955 = DIRECTION ( 'NONE',  ( 0.000000000000000000, 1.000000000000000000, 8.741913579725648610E-15 ) ) ;
#1956 = AXIS2_PLACEMENT_3D ( 'NONE', #2337, #1274, #2159 ) ;
#1957 = AXIS2_PLACEMENT_3D ( 'NONE', #950, #744, #1602 ) ;
#1958 = CARTESIAN_POINT ( 'NONE',  ( 1.430263821016529047, 1.878203907994290933, 0.9299638352478384329 ) ) ;
#1959 = CARTESIAN_POINT ( 'NONE',  ( 1.430263821016529491, 2.903203907994290844, 2.129963835247838499 ) ) ;
#1960 = CARTESIAN_POINT ( 'NONE',  ( 1.276518924422641810, 2.837871453412599276, 4.234549196941898686 ) ) ;
#1961 = VECTOR ( 'NONE', #26, 39.37007874015748143 ) ;
#1962 = CIRCLE ( 'NONE', #425, 1.359999999999999654 ) ;
#1963 = LINE ( 'NONE', #215, #1961 ) ;
#1964 = EDGE_CURVE ( 'NONE', #1471, #2131, #733, .T. ) ;
#1965 = AXIS2_PLACEMENT_3D ( 'NONE', #2503, #165, #1843 ) ;
#1966 = CARTESIAN_POINT ( 'NONE',  ( 1.275885785509881520, 2.218833954591994839, 4.234424313830956521 ) ) ;
#1967 = LINE ( 'NONE', #2180, #611 ) ;
#1968 = ORIENTED_EDGE ( 'NONE', *, *, #1933, .F. ) ;
#1969 = CIRCLE ( 'NONE', #748, 0.2499999999999998057 ) ;
#1970 = CARTESIAN_POINT ( 'NONE',  ( 1.728690221693912843, 2.701680244063224379, 2.790981902823274741 ) ) ;
#1971 = VERTEX_POINT ( 'NONE', #943 ) ;
#1972 = LINE ( 'NONE', #2644, #1450 ) ;
#1973 = EDGE_CURVE ( 'NONE', #2689, #1058, #2734, .T. ) ;
#1974 = CARTESIAN_POINT ( 'NONE',  ( 1.804663048984791462, 2.503647043365986757, 4.797414337080358138 ) ) ;
#1975 = LINE ( 'NONE', #64, #1740 ) ;
#1976 = DIRECTION ( 'NONE',  ( 0.000000000000000000, 0.000000000000000000, -1.000000000000000000 ) ) ;
#1977 = CARTESIAN_POINT ( 'NONE',  ( 1.551431069770403015, 2.172475021476571122, 2.135181312772703510 ) ) ;
#1978 = EDGE_CURVE ( 'NONE', #651, #2530, #2153, .T. ) ;
#1979 = CARTESIAN_POINT ( 'NONE',  ( 1.430263821016521719, 2.778203907994257094, 3.599963835247868893 ) ) ;
#1980 = CARTESIAN_POINT ( 'NONE',  ( 1.584201255453182799, 2.837161423450717646, 2.745648043832458640 ) ) ;
#1981 = ORIENTED_EDGE ( 'NONE', *, *, #360, .T. ) ;
#1982 = CARTESIAN_POINT ( 'NONE',  ( 1.075111735802256829, 2.407189507906941639, 4.802777947867859609 ) ) ;
#1983 = EDGE_LOOP ( 'NONE', ( #1787, #194, #2582, #2564 ) ) ;
#1984 = FACE_OUTER_BOUND ( 'NONE', #2368, .T. ) ;
#1985 = DIRECTION ( 'NONE',  ( 0.000000000000000000, 0.000000000000000000, -1.000000000000000000 ) ) ;
#1986 = CARTESIAN_POINT ( 'NONE',  ( 1.442036323293121480, 2.543980757019022931, 2.701774835247837903 ) ) ;
#1987 = DIRECTION ( 'NONE',  ( -0.000000000000000000, -0.000000000000000000, -1.000000000000000000 ) ) ;
#1988 = EDGE_CURVE ( 'NONE', #110, #309, #1578, .T. ) ;
#1989 = CARTESIAN_POINT ( 'NONE',  ( 1.430263821016529491, 2.153203907994290844, 2.129963835247838499 ) ) ;
#1990 = CARTESIAN_POINT ( 'NONE',  ( 1.430263821016529491, 2.528203907994290844, 2.129963835247838499 ) ) ;
#1991 = LINE ( 'NONE', #1949, #1156 ) ;
#1992 = VERTEX_POINT ( 'NONE', #2438 ) ;
#1993 = LINE ( 'NONE', #235, #2328 ) ;
#1994 = ORIENTED_EDGE ( 'NONE', *, *, #1767, .T. ) ;
#1995 = PLANE ( 'NONE',  #245 ) ;
#1996 = EDGE_CURVE ( 'NONE', #669, #2284, #1516, .T. ) ;
#1997 = FACE_OUTER_BOUND ( 'NONE', #1052, .T. ) ;
#1998 = DIRECTION ( 'NONE',  ( 0.000000000000000000, -1.000000000000000000, 0.000000000000000000 ) ) ;
#1999 = DIRECTION ( 'NONE',  ( 0.000000000000000000, 0.000000000000000000, 1.000000000000000000 ) ) ;
#2000 = ORIENTED_EDGE ( 'NONE', *, *, #2291, .T. ) ;
#2001 = CIRCLE ( 'NONE', #2450, 0.01968503937007848661 ) ;
#2002 = CIRCLE ( 'NONE', #2049, 0.1279527559055119446 ) ;
#2003 = AXIS2_PLACEMENT_3D ( 'NONE', #137, #1375, #2257 ) ;
#2004 = CARTESIAN_POINT ( 'NONE',  ( 1.618626163057150791, 2.203028182718732353, 2.142915170073706133 ) ) ;
#2005 = CARTESIAN_POINT ( 'NONE',  ( 1.242231202820480274, 2.853588555126350901, 4.837061745613643104 ) ) ;
#2006 = CARTESIAN_POINT ( 'NONE',  ( 1.603995903606989959, 2.826480027649768800, 2.750017962531445814 ) ) ;
#2007 = ORIENTED_EDGE ( 'NONE', *, *, #1354, .F. ) ;
#2008 = ADVANCED_FACE ( 'NONE', ( #1633 ), #1367, .T. ) ;
#2009 = CIRCLE ( 'NONE', #1509, 0.7600000000000001199 ) ;
#2010 = AXIS2_PLACEMENT_3D ( 'NONE', #513, #2623, #294 ) ;
#2011 = CARTESIAN_POINT ( 'NONE',  ( 1.430263821016529491, 3.028203907994290844, 3.489963835247838375 ) ) ;
#2012 = EDGE_CURVE ( 'NONE', #481, #1344, #546, .T. ) ;
#2013 = EDGE_LOOP ( 'NONE', ( #468, #1737, #213, #1556 ) ) ;
#2014 = DIRECTION ( 'NONE',  ( -0.000000000000000000, -0.000000000000000000, 1.000000000000000000 ) ) ;
#2015 = AXIS2_PLACEMENT_3D ( 'NONE', #2601, #1580, #1555 ) ;
#2016 = CARTESIAN_POINT ( 'NONE',  ( 1.728333666308595529, 2.299350818485414560, 4.816971168917846491 ) ) ;
#2017 = DIRECTION ( 'NONE',  ( 0.000000000000000000, 0.000000000000000000, 1.000000000000000000 ) ) ;
#2018 = ORIENTED_EDGE ( 'NONE', *, *, #187, .T. ) ;
#2019 = VECTOR ( 'NONE', #1850, 39.37007874015748143 ) ;
#2020 = DIRECTION ( 'NONE',  ( 0.000000000000000000, 1.047444401652940007E-14, -1.000000000000000000 ) ) ;
#2021 = CARTESIAN_POINT ( 'NONE',  ( 1.615631018368459459, 3.528203907994290844, 4.123398127140762703 ) ) ;
#2022 = CARTESIAN_POINT ( 'NONE',  ( 1.201640778140495858, 2.825702515902623002, 4.830643969097914159 ) ) ;
#2023 = DIRECTION ( 'NONE',  ( 0.000000000000000000, 1.000000000000000000, -0.000000000000000000 ) ) ;
#2024 = ORIENTED_EDGE ( 'NONE', *, *, #1691, .F. ) ;
#2025 = EDGE_CURVE ( 'NONE', #86, #152, #657, .T. ) ;
#2026 =( LENGTH_UNIT ( ) NAMED_UNIT ( * ) SI_UNIT ( $, .METRE. ) );
#2027 = ORIENTED_EDGE ( 'NONE', *, *, #2012, .F. ) ;
#2028 = ADVANCED_FACE ( 'NONE', ( #1421 ), #956, .F. ) ;
#2029 = CARTESIAN_POINT ( 'NONE',  ( 1.441654904509291013, 2.183203907994290649, 2.729963835247838588 ) ) ;
#2030 = DIRECTION ( 'NONE',  ( 0.000000000000000000, 1.047444401652940007E-14, -1.000000000000000000 ) ) ;
#2031 = EDGE_LOOP ( 'NONE', ( #1886, #1907 ) ) ;
#2032 = DIRECTION ( 'NONE',  ( 0.000000000000000000, 0.000000000000000000, -1.000000000000000000 ) ) ;
#2033 = CARTESIAN_POINT ( 'NONE',  ( 1.748612672711790106, 2.329640864027747504, 2.167729942129881682 ) ) ;
#2034 = EDGE_CURVE ( 'NONE', #2667, #2131, #1337, .T. ) ;
#2035 = CARTESIAN_POINT ( 'NONE',  ( 1.067374577701498017, 2.625888325284583047, 4.800664617334462925 ) ) ;
#2036 = CARTESIAN_POINT ( 'NONE',  ( 1.658451809856367865, 2.787932266459477670, 2.764835739737575793 ) ) ;
#2037 = CARTESIAN_POINT ( 'NONE',  ( 1.430263821016529491, 2.028203907994290844, 3.489963835247838375 ) ) ;
#2038 = ORIENTED_EDGE ( 'NONE', *, *, #2211, .T. ) ;
#2039 = CARTESIAN_POINT ( 'NONE',  ( 1.442036323293121480, 2.543980757019022931, 3.326184284066735941 ) ) ;
#2040 = ORIENTED_EDGE ( 'NONE', *, *, #798, .T. ) ;
#2041 = CIRCLE ( 'NONE', #1814, 0.7600000000000001199 ) ;
#2042 = ADVANCED_BREP_SHAPE_REPRESENTATION ( 'Part1^Assem2', ( #1574, #1504, #2537 ), #2100 ) ;
#2043 = LINE ( 'NONE', #2245, #1271 ) ;
#2044 = DIRECTION ( 'NONE',  ( 0.000000000000000000, 0.000000000000000000, -1.000000000000000000 ) ) ;
#2045 = EDGE_LOOP ( 'NONE', ( #1101, #406, #1634, #520, #1529 ) ) ;
#2046 = DIRECTION ( 'NONE',  ( -0.000000000000000000, -0.000000000000000000, 1.000000000000000000 ) ) ;
#2047 = LINE ( 'NONE', #2121, #939 ) ;
#2048 = AXIS2_PLACEMENT_3D ( 'NONE', #150, #1161, #1004 ) ;
#2049 = AXIS2_PLACEMENT_3D ( 'NONE', #1351, #2224, #259 ) ;
#2050 = PRODUCT_CONTEXT ( 'NONE', #2122, 'mechanical' ) ;
#2051 = CARTESIAN_POINT ( 'NONE',  ( 1.520990606968718017, 2.861833370159015733, 2.735068229790223349 ) ) ;
#2052 = DIRECTION ( 'NONE',  ( 0.000000000000000000, 1.047444401652940007E-14, -1.000000000000000000 ) ) ;
#2053 = EDGE_LOOP ( 'NONE', ( #855, #895, #442, #1613 ) ) ;
#2054 = CIRCLE ( 'NONE', #2279, 0.1400000000000001521 ) ;
#2055 = CARTESIAN_POINT ( 'NONE',  ( 1.430263821016521719, 2.653203907994234889, 5.749963835247867472 ) ) ;
#2056 = VERTEX_POINT ( 'NONE', #2238 ) ;
#2057 = AXIS2_PLACEMENT_3D ( 'NONE', #948, #1348, #2445 ) ;
#2058 = DIRECTION ( 'NONE',  ( -0.000000000000000000, -1.000000000000000000, -0.000000000000000000 ) ) ;
#2059 = DIRECTION ( 'NONE',  ( 0.000000000000000000, 0.000000000000000000, -1.000000000000000000 ) ) ;
#2060 = ORIENTED_EDGE ( 'NONE', *, *, #372, .T. ) ;
#2061 = CARTESIAN_POINT ( 'NONE',  ( 1.739318578822559580, 2.681944112729574226, 4.184311626229937353 ) ) ;
#2062 = AXIS2_PLACEMENT_3D ( 'NONE', #1723, #1057, #1935 ) ;
#2063 = AXIS2_PLACEMENT_3D ( 'NONE', #1299, #2354, #2165 ) ;
#2064 = EDGE_CURVE ( 'NONE', #619, #241, #2192, .T. ) ;
#2065 = VERTEX_POINT ( 'NONE', #1499 ) ;
#2066 = CIRCLE ( 'NONE', #392, 1.375000000000000222 ) ;
#2067 = CARTESIAN_POINT ( 'NONE',  ( 1.384796798680155927, 2.185439566308872816, 2.730986950350398956 ) ) ;
#2068 = EDGE_CURVE ( 'NONE', #134, #2374, #2066, .T. ) ;
#2069 =( NAMED_UNIT ( * ) PLANE_ANGLE_UNIT ( ) SI_UNIT ( $, .RADIAN. ) );
#2070 = CARTESIAN_POINT ( 'NONE',  ( 1.156745042262766976, 2.738768128270407498, 4.199079423673220290 ) ) ;
#2071 = DIRECTION ( 'NONE',  ( 0.000000000000000000, 0.000000000000000000, -1.000000000000000000 ) ) ;
#2072 = VERTEX_POINT ( 'NONE', #1324 ) ;
#2073 = DIRECTION ( 'NONE',  ( 0.000000000000000000, 1.000000000000000000, 1.092739197465706076E-14 ) ) ;
#2074 = EDGE_LOOP ( 'NONE', ( #2293, #1285 ) ) ;
#2075 = ADVANCED_FACE ( 'NONE', ( #886 ), #1031, .F. ) ;
#2076 = CARTESIAN_POINT ( 'NONE',  ( 1.816445482166382019, 3.028203907994290844, 4.809618610024765317 ) ) ;
#2077 = CYLINDRICAL_SURFACE ( 'NONE', #1457, 0.3450000000000000289 ) ;
#2078 = ORIENTED_EDGE ( 'NONE', *, *, #2780, .T. ) ;
#2079 = CARTESIAN_POINT ( 'NONE',  ( 1.690215148319963889, 2.756136723445833603, 4.204320487585456512 ) ) ;
#2080 = VERTEX_POINT ( 'NONE', #1944 ) ;
#2081 = DIRECTION ( 'NONE',  ( -0.5980431156508598800, -0.8014639304563944133, 0.000000000000000000 ) ) ;
#2082 = DIRECTION ( 'NONE',  ( 0.000000000000000000, 1.047444401652940007E-14, -1.000000000000000000 ) ) ;
#2083 = B_SPLINE_CURVE_WITH_KNOTS ( 'NONE', 3,
 ( #216, #201, #2126, #1056, #858, #2166, #1300, #1506, #2152, #1966, #189, #230, #1741, #2567, #2596, #2554, #1934, #1042, #1708, #1252, #2371, #1905, #1921, #2794 ),
 .UNSPECIFIED., .F., .F.,
 ( 4, 2, 2, 2, 2, 2, 2, 2, 2, 2, 2, 4 ),
 ( 0.01389525779683674009, 0.01476307749690795694, 0.01563089719697917379, 0.01649871689705038891, 0.01736653659712160749, 0.01910217599726406548, 0.02083781539740653388, 0.02257345479754899187, 0.02344127449762023474, 0.02430909419769147067, 0.02604473359783392172, 0.02778037299797635196 ),
 .UNSPECIFIED. ) ;
#2084 = CARTESIAN_POINT ( 'NONE',  ( 1.430263821016529047, 2.528203907994290844, 0.9299638352478384329 ) ) ;
#2085 = ORIENTED_EDGE ( 'NONE', *, *, #1859, .F. ) ;
#2086 = CARTESIAN_POINT ( 'NONE',  ( 1.430263821016529713, 2.528203907994290844, 1.719963835247838357 ) ) ;
#2087 = EDGE_CURVE ( 'NONE', #833, #374, #2691, .T. ) ;
#2088 = CARTESIAN_POINT ( 'NONE',  ( 1.430263821016529491, 2.528203907994290844, 5.449963835247838340 ) ) ;
#2089 = ORIENTED_EDGE ( 'NONE', *, *, #1437, .F. ) ;
#2090 = DIRECTION ( 'NONE',  ( 1.000000000000000000, 0.000000000000000000, 0.000000000000000000 ) ) ;
#2091 = ORIENTED_EDGE ( 'NONE', *, *, #1477, .T. ) ;
#2092 = CARTESIAN_POINT ( 'NONE',  ( 1.430263821016529491, 2.028203907994290844, 3.489963835247838375 ) ) ;
#2093 = CIRCLE ( 'NONE', #1590, 0.6499999999999999112 ) ;
#2094 = CARTESIAN_POINT ( 'NONE',  ( 1.430263821016529491, 2.873203907994290596, 4.249963835247838162 ) ) ;
#2095 = CARTESIAN_POINT ( 'NONE',  ( 1.703680297504788888, 2.317507713369707290, 4.199118798024326082 ) ) ;
#2096 = VECTOR ( 'NONE', #899, 39.37007874015748854 ) ;
#2097 = EDGE_CURVE ( 'NONE', #1992, #964, #2330, .T. ) ;
#2098 = CARTESIAN_POINT ( 'NONE',  ( 1.430263821016521719, 2.528203907994255317, 3.799963835247866406 ) ) ;
#2099 = VERTEX_POINT ( 'NONE', #806 ) ;
#2100 =( GEOMETRIC_REPRESENTATION_CONTEXT ( 3 ) GLOBAL_UNCERTAINTY_ASSIGNED_CONTEXT ( ( #2649 ) ) GLOBAL_UNIT_ASSIGNED_CONTEXT ( ( #1394, #2069, #1027 ) ) REPRESENTATION_CONTEXT ( 'NONE', 'WORKASPACE' ) );
#2101 = CARTESIAN_POINT ( 'NONE',  ( 1.487164782772883997, 2.868672609564820064, 4.247914905660812757 ) ) ;
#2102 = PLANE ( 'NONE',  #2240 ) ;
#2103 = ORIENTED_EDGE ( 'NONE', *, *, #1114, .T. ) ;
#2104 = CARTESIAN_POINT ( 'NONE',  ( 1.430263821016529491, 2.873203907994290596, 4.249963835247838162 ) ) ;
#2105 = AXIS2_PLACEMENT_3D ( 'NONE', #2207, #1572, #497 ) ;
#2106 = DIRECTION ( 'NONE',  ( 0.000000000000000000, -1.000000000000000000, 0.000000000000000000 ) ) ;
#2107 = DIRECTION ( 'NONE',  ( -0.5980431156508598800, -0.8014639304563944133, 0.000000000000000000 ) ) ;
#2108 = AXIS2_PLACEMENT_3D ( 'NONE', #519, #2052, #765 ) ;
#2109 = CARTESIAN_POINT ( 'NONE',  ( 1.418874342936353283, 2.873203907994290596, 4.249963835247838162 ) ) ;
#2110 = CARTESIAN_POINT ( 'NONE',  ( 1.430263821016521719, 1.878203907994231869, 6.049963835247860189 ) ) ;
#2111 = VECTOR ( 'NONE', #2408, 39.37007874015748143 ) ;
#2112 = DIRECTION ( 'NONE',  ( 0.000000000000000000, 1.047444401652940007E-14, -1.000000000000000000 ) ) ;
#2113 = VERTEX_POINT ( 'NONE', #2523 ) ;
#2114 = EDGE_CURVE ( 'NONE', #1191, #46, #885, .T. ) ;
#2115 = CARTESIAN_POINT ( 'NONE',  ( 1.722915855789724615, 2.711242620195895014, 4.191390559993837250 ) ) ;
#2116 = CARTESIAN_POINT ( 'NONE',  ( 1.057684491967776363, 2.577338715038747896, 2.181984656783654941 ) ) ;
#2117 = ORIENTED_EDGE ( 'NONE', *, *, #2064, .F. ) ;
#2118 = CARTESIAN_POINT ( 'NONE',  ( 1.805263821016529491, 2.528203907994290844, 4.797241541016585842 ) ) ;
#2119 = EDGE_CURVE ( 'NONE', #1638, #1903, #383, .T. ) ;
#2120 = DIRECTION ( 'NONE',  ( -0.5980431156508599910, -0.8014639304563943023, 0.000000000000000000 ) ) ;
#2121 = CARTESIAN_POINT ( 'NONE',  ( 1.430263821016529047, 2.388203907994290720, 1.719963835247838357 ) ) ;
#2122 = APPLICATION_CONTEXT ( 'automotive_design' ) ;
#2123 = EDGE_LOOP ( 'NONE', ( #1159, #1689 ) ) ;
#2124 = CARTESIAN_POINT ( 'NONE',  ( 1.085825612377102622, 2.550994689462126264, 4.167432619724293907 ) ) ;
#2125 = EDGE_CURVE ( 'NONE', #1894, #2643, #2749, .T. ) ;
#2126 = CARTESIAN_POINT ( 'NONE',  ( 1.407240319927109962, 2.183781096688127477, 4.249701305623599268 ) ) ;
#2127 = DIRECTION ( 'NONE',  ( 0.000000000000000000, 1.000000000000000000, 1.092739197465706076E-14 ) ) ;
#2128 = ORIENTED_EDGE ( 'NONE', *, *, #1978, .F. ) ;
#2129 = DIRECTION ( 'NONE',  ( 0.000000000000000000, 1.000000000000000000, 0.000000000000000000 ) ) ;
#2130 = FACE_BOUND ( 'NONE', #1173, .T. ) ;
#2131 = VERTEX_POINT ( 'NONE', #687 ) ;
#2132 = CARTESIAN_POINT ( 'NONE',  ( 1.430263821016529491, 2.873203907994290596, 4.249963835247838162 ) ) ;
#2133 = CONICAL_SURFACE ( 'NONE', #146, 22.73032555864669746, 0.5235987755982991487 ) ;
#2134 = CARTESIAN_POINT ( 'NONE',  ( 1.430263821016529713, 2.528203907994290844, 3.326184284066735941 ) ) ;
#2135 = CYLINDRICAL_SURFACE ( 'NONE', #2724, 1.375000000000000222 ) ;
#2136 = ORIENTED_EDGE ( 'NONE', *, *, #816, .T. ) ;
#2137 = LINE ( 'NONE', #1739, #1510 ) ;
#2138 = CARTESIAN_POINT ( 'NONE',  ( 1.087517785664210201, 2.573697437029271562, 2.811620112714641184 ) ) ;
#2139 = FACE_OUTER_BOUND ( 'NONE', #402, .T. ) ;
#2140 = EDGE_LOOP ( 'NONE', ( #2281, #1625, #507, #1145 ) ) ;
#2141 = CARTESIAN_POINT ( 'NONE',  ( 1.690215148319963889, 2.756136723445833603, 4.204320487585456512 ) ) ;
#2142 = CARTESIAN_POINT ( 'NONE',  ( 1.603791676565031521, 2.229173072331239958, 4.230140250053875839 ) ) ;
#2143 = ORIENTED_EDGE ( 'NONE', *, *, #1826, .F. ) ;
#2144 = DIRECTION ( 'NONE',  ( 0.000000000000000000, -1.000000000000000000, 0.000000000000000000 ) ) ;
#2145 = VECTOR ( 'NONE', #279, 39.37007874015748143 ) ;
#2146 = CARTESIAN_POINT ( 'NONE',  ( 1.430263821016529491, 2.528203907994290844, 5.449963835247838340 ) ) ;
#2147 = DIRECTION ( 'NONE',  ( 0.000000000000000000, -1.000000000000000000, 0.000000000000000000 ) ) ;
#2148 = VERTEX_POINT ( 'NONE', #2634 ) ;
#2149 = EDGE_CURVE ( 'NONE', #332, #351, #1242, .T. ) ;
#2150 = DIRECTION ( 'NONE',  ( 0.000000000000000000, 1.000000000000000000, 8.741913579725648610E-15 ) ) ;
#2151 = STYLED_ITEM ( 'NONE', ( #1528 ), #1504 ) ;
#2152 = CARTESIAN_POINT ( 'NONE',  ( 1.307349859639248768, 2.205641519335441281, 4.240034267676233704 ) ) ;
#2153 = CIRCLE ( 'NONE', #753, 0.1400000000000001521 ) ;
#2154 = DIRECTION ( 'NONE',  ( -0.5980431156508599910, -0.8014639304563943023, 0.000000000000000000 ) ) ;
#2155 = VERTEX_POINT ( 'NONE', #293 ) ;
#2156 = DIRECTION ( 'NONE',  ( -0.5980431156508589918, -0.8014639304563950795, 0.000000000000000000 ) ) ;
#2157 = CARTESIAN_POINT ( 'NONE',  ( 1.242005182269957153, 2.853450021357779143, 2.142898914303386082 ) ) ;
#2158 = VERTEX_POINT ( 'NONE', #2648 ) ;
#2159 = DIRECTION ( 'NONE',  ( 0.000000000000000000, 0.000000000000000000, -1.000000000000000000 ) ) ;
#2160 = EDGE_CURVE ( 'NONE', #964, #1992, #1605, .T. ) ;
#2161 = CARTESIAN_POINT ( 'NONE',  ( 1.085839482808748535, 2.505201178448227761, 2.812487982209866733 ) ) ;
#2162 = DIRECTION ( 'NONE',  ( 0.000000000000000000, 1.000000000000000000, -0.000000000000000000 ) ) ;
#2163 = CARTESIAN_POINT ( 'NONE',  ( 1.202190527829495093, 2.788021720375879919, 4.215126035035146934 ) ) ;
#2164 = ORIENTED_EDGE ( 'NONE', *, *, #288, .T. ) ;
#2165 = DIRECTION ( 'NONE',  ( 0.2808593899271647487, 0.000000000000000000, 0.9597489271104922004 ) ) ;
#2166 = CARTESIAN_POINT ( 'NONE',  ( 1.350797430706082380, 2.192288355108122477, 4.245880632018432799 ) ) ;
#2167 = PLANE ( 'NONE',  #2508 ) ;
#2168 = ORIENTED_EDGE ( 'NONE', *, *, #1853, .T. ) ;
#2169 = CARTESIAN_POINT ( 'NONE',  ( 1.641248598627174093, 2.802075253912251540, 2.759587411603545704 ) ) ;
#2170 = CARTESIAN_POINT ( 'NONE',  ( 1.453162444047320756, 2.183203907994290649, 4.249963835247839938 ) ) ;
#2171 = ORIENTED_EDGE ( 'NONE', *, *, #931, .T. ) ;
#2172 = CARTESIAN_POINT ( 'NONE',  ( 1.094240750790882455, 2.607218924032872032, 2.808278600745423681 ) ) ;
#2173 = EDGE_CURVE ( 'NONE', #2617, #2473, #1922, .T. ) ;
#2174 = CARTESIAN_POINT ( 'NONE',  ( 1.785996189349091656, 2.407048186443367932, 4.802651406955890323 ) ) ;
#2175 = CARTESIAN_POINT ( 'NONE',  ( 1.430263821016521719, 3.178203907994290756, 5.449963835247838340 ) ) ;
#2176 = CARTESIAN_POINT ( 'NONE',  ( 1.219322527753228247, 2.802114841539895096, 4.220354610846086985 ) ) ;
#2177 = ORIENTED_EDGE ( 'NONE', *, *, #502, .T. ) ;
#2178 = DIRECTION ( 'NONE',  ( 0.000000000000000000, -1.000000000000000000, 0.000000000000000000 ) ) ;
#2179 = CARTESIAN_POINT ( 'NONE',  ( 1.339950965372987524, 2.861369509211272089, 2.735268387974149729 ) ) ;
#2180 = CARTESIAN_POINT ( 'NONE',  ( 1.430263821016529491, 3.028203907994290844, 2.729963835247838144 ) ) ;
#2181 = ORIENTED_EDGE ( 'NONE', *, *, #2384, .T. ) ;
#2182 = EDGE_CURVE ( 'NONE', #2459, #339, #2467, .T. ) ;
#2183 = CARTESIAN_POINT ( 'NONE',  ( 1.263866576769972161, 2.191256898427422328, 4.839936537733952271 ) ) ;
#2184 = ORIENTED_EDGE ( 'NONE', *, *, #2310, .F. ) ;
#2185 = CARTESIAN_POINT ( 'NONE',  ( 1.475971340505905394, 2.186051607779004424, 2.731252982481254143 ) ) ;
#2186 = VECTOR ( 'NONE', #663, 39.37007874015748143 ) ;
#2187 = EDGE_CURVE ( 'NONE', #2488, #1160, #2287, .T. ) ;
#2188 = STYLED_ITEM ( 'NONE', ( #1237 ), #2042 ) ;
#2189 = CARTESIAN_POINT ( 'NONE',  ( 1.677772428926077586, 2.246221621570120064, 4.827286374274758707 ) ) ;
#2190 = PLANE ( 'NONE',  #209 ) ;
#2191 = CARTESIAN_POINT ( 'NONE',  ( 1.150095432790355199, 2.729834021178533021, 4.196469762178549168 ) ) ;
#2192 = B_SPLINE_CURVE_WITH_KNOTS ( 'NONE', 3,
 ( #85, #2695, #1809, #1610, #2666, #1622, #2484, #2277, #1199, #2290, #358, #2191, #1434, #818, #368, #2163, #2176, #586, #1960, #226, #1664, #1081, #793, #175, #22, #2591 ),
 .UNSPECIFIED., .F., .F.,
 ( 4, 2, 2, 2, 2, 2, 2, 2, 2, 2, 2, 2, 4 ),
 ( 0.02778037299797635196, 0.02864772000444465450, 0.02951506701091296050, 0.03124976102384953089, 0.03211710803031782996, 0.03298445503678613250, 0.03385180204325442810, 0.03471914904972273064, 0.03645384306265936347, 0.03818853707559599631, 0.03992323108853262914, 0.04079057809500093862, 0.04165792510146924810 ),
 .UNSPECIFIED. ) ;
#2193 = CARTESIAN_POINT ( 'NONE',  ( 1.094341571465533569, 2.448766925725457622, 2.808228881894366147 ) ) ;
#2194 = CIRCLE ( 'NONE', #386, 0.1279527559055117225 ) ;
#2195 = CARTESIAN_POINT ( 'NONE',  ( 1.074685986979855512, 2.649808229479173605, 4.802693420288520976 ) ) ;
#2196 = DIRECTION ( 'NONE',  ( 0.000000000000000000, 0.000000000000000000, -1.000000000000000000 ) ) ;
#2197 = ORIENTED_EDGE ( 'NONE', *, *, #2201, .T. ) ;
#2198 = CIRCLE ( 'NONE', #2015, 0.01968503937007848661 ) ;
#2199 = AXIS2_PLACEMENT_3D ( 'NONE', #1525, #246, #891 ) ;
#2200 = CARTESIAN_POINT ( 'NONE',  ( 1.775263821016529464, 2.528203907994290844, 2.812782175720647260 ) ) ;
#2201 = EDGE_CURVE ( 'NONE', #2491, #2517, #499, .T. ) ;
#2202 = DIRECTION ( 'NONE',  ( 0.000000000000000000, 0.000000000000000000, -1.000000000000000000 ) ) ;
#2203 = ORIENTED_EDGE ( 'NONE', *, *, #1405, .T. ) ;
#2204 = CARTESIAN_POINT ( 'NONE',  ( 1.772428341187956891, 2.482597554866484035, 2.811343864877026810 ) ) ;
#2205 = B_SPLINE_CURVE_WITH_KNOTS ( 'NONE', 3,
 ( #922, #496, #1335, #699, #2645, #2229, #1544, #726, #1322, #2206, #1110, #2189, #20, #1358, #2016, #935, #1802, #2174, #2658, #1584, #2444, #1974, #883, #671 ),
 .UNSPECIFIED., .F., .F.,
 ( 4, 2, 2, 2, 2, 2, 2, 2, 2, 2, 2, 4 ),
 ( 0.01496638980609855604, 0.01683618631669660942, 0.01870598282729466280, 0.01964088108259368776, 0.02057577933789271271, 0.02151067759319174114, 0.02244557584849076609, 0.02431537235908884029, 0.02618516886968691101, 0.02805496538028498521, 0.02898986363558400323, 0.02992476189088302124 ),
 .UNSPECIFIED. ) ;
#2206 = CARTESIAN_POINT ( 'NONE',  ( 1.649092490400480449, 2.223429649713042799, 4.832282303363852449 ) ) ;
#2207 = CARTESIAN_POINT ( 'NONE',  ( 1.430263821016521719, 2.528203907994257538, 3.599963835247866228 ) ) ;
#2208 = CARTESIAN_POINT ( 'NONE',  ( 1.805263821016529491, 2.528203907994290844, 1.229963835247838366 ) ) ;
#2209 = CARTESIAN_POINT ( 'NONE',  ( 1.727795760950525450, 2.299622970724541915, 2.162885147739023850 ) ) ;
#2210 = DIRECTION ( 'NONE',  ( 1.000000000000000000, 0.000000000000000000, 0.000000000000000000 ) ) ;
#2211 = EDGE_CURVE ( 'NONE', #1292, #1520, #170, .T. ) ;
#2212 = CARTESIAN_POINT ( 'NONE',  ( 1.430263821016529491, 3.028203907994290844, 4.249963835247838162 ) ) ;
#2213 = ORIENTED_EDGE ( 'NONE', *, *, #2676, .T. ) ;
#2214 = CARTESIAN_POINT ( 'NONE',  ( 1.430263821016529047, 2.528203907994290844, 1.719963835247838357 ) ) ;
#2215 = ORIENTED_EDGE ( 'NONE', *, *, #1224, .F. ) ;
#2216 = CARTESIAN_POINT ( 'NONE',  ( 1.658333014157038710, 2.269100791362054448, 2.764935816193714313 ) ) ;
#2217 = ADVANCED_FACE ( 'NONE', ( #269 ), #661, .F. ) ;
#2218 = CARTESIAN_POINT ( 'NONE',  ( 1.430263821016521719, 2.528203907994255317, 3.799963835247866406 ) ) ;
#2219 = LINE ( 'NONE', #686, #2773 ) ;
#2220 = CARTESIAN_POINT ( 'NONE',  ( 1.430263821016529491, 3.028203907994290844, 4.249963835247838162 ) ) ;
#2221 = CARTESIAN_POINT ( 'NONE',  ( 1.551392484243151015, 2.883964473300248077, 4.844753918481394805 ) ) ;
#2222 = AXIS2_PLACEMENT_3D ( 'NONE', #2718, #1674, #2481 ) ;
#2223 = ADVANCED_FACE ( 'NONE', ( #715 ), #729, .T. ) ;
#2224 = DIRECTION ( 'NONE',  ( 0.000000000000000000, 0.000000000000000000, -1.000000000000000000 ) ) ;
#2225 = LINE ( 'NONE', #2212, #2417 ) ;
#2226 = ORIENTED_EDGE ( 'NONE', *, *, #482, .T. ) ;
#2227 = ORIENTED_EDGE ( 'NONE', *, *, #789, .F. ) ;
#2228 = DIRECTION ( 'NONE',  ( -1.000000000000000000, 0.000000000000000000, 0.000000000000000000 ) ) ;
#2229 = CARTESIAN_POINT ( 'NONE',  ( 1.585607794654663838, 2.186670135052685815, 4.841111265107624462 ) ) ;
#2230 = CARTESIAN_POINT ( 'NONE',  ( 1.430263821016521719, 2.403203907994235333, 5.749963835247864807 ) ) ;
#2231 = ORIENTED_EDGE ( 'NONE', *, *, #679, .T. ) ;
#2232 = DIRECTION ( 'NONE',  ( -0.5980431156508598800, -0.8014639304563944133, 0.000000000000000000 ) ) ;
#2233 = CLOSED_SHELL ( 'NONE', ( #2557, #1430, #2789, #1030, #1884, #900, #941, #2223, #2430, #2008, #2397, #2028, #525, #1794, #1946, #2526, #640, #1078, #229, #1503, #1486, #848, #1900, #1317, #1703, #1174, #16, #1179 ) ) ;
#2234 = AXIS2_PLACEMENT_3D ( 'NONE', #1845, #1455, #785 ) ;
#2235 = CARTESIAN_POINT ( 'NONE',  ( 1.247281936564012206, 2.235511517144624261, 2.752257543559094799 ) ) ;
#2236 = B_SPLINE_CURVE_WITH_KNOTS ( 'NONE', 3,
 ( #822, #1683, #1330, #2665, #1772, #1982, #2615, #2471, #732, #2585, #1593, #1181, #1759, #1824, #2453, #443, #2183, #1725, #44, #1103, #905, #469, #648, #518 ),
 .UNSPECIFIED., .F., .F.,
 ( 4, 2, 2, 2, 2, 2, 2, 2, 2, 2, 2, 4 ),
 ( 0.000000000000000000, 0.001870798725762293701, 0.002806198088643451719, 0.003741597451524609954, 0.005612396177286925990, 0.006547795540168092898, 0.007483194903049259807, 0.009353993628811591021, 0.01122479235457392310, 0.01216019171745508221, 0.01309559108033623957, 0.01496638980609855604 ),
 .UNSPECIFIED. ) ;
#2237 = DIRECTION ( 'NONE',  ( 0.000000000000000000, -1.000000000000000000, -0.000000000000000000 ) ) ;
#2238 = CARTESIAN_POINT ( 'NONE',  ( 1.353742556218683557, 2.425654389333531391, 2.701774835247837903 ) ) ;
#2239 = ORIENTED_EDGE ( 'NONE', *, *, #1771, .T. ) ;
#2240 = AXIS2_PLACEMENT_3D ( 'NONE', #1207, #2295, #1816 ) ;
#2241 = PRESENTATION_LAYER_ASSIGNMENT (  '', '', ( #2151 ) ) ;
#2242 = CARTESIAN_POINT ( 'NONE',  ( 1.430263821016529713, 2.528203907994290844, 2.701774835247837903 ) ) ;
#2243 = ORIENTED_EDGE ( 'NONE', *, *, #1859, .T. ) ;
#2244 = AXIS2_PLACEMENT_3D ( 'NONE', #2399, #1328, #2472 ) ;
#2245 = CARTESIAN_POINT ( 'NONE',  ( 1.430263821016521719, 2.278203907994257538, 3.599963835247863564 ) ) ;
#2246 = EDGE_CURVE ( 'NONE', #152, #86, #1020, .T. ) ;
#2247 = CARTESIAN_POINT ( 'NONE',  ( 1.775263821016529464, 2.528203907994290844, 5.749963835247865696 ) ) ;
#2248 = ORIENTED_EDGE ( 'NONE', *, *, #2273, .F. ) ;
#2249 = AXIS2_PLACEMENT_3D ( 'NONE', #528, #2032, #2232 ) ;
#2250 = CARTESIAN_POINT ( 'NONE',  ( 1.430263821016529047, 2.528203907994290844, 0.9299638352478384329 ) ) ;
#2251 = CARTESIAN_POINT ( 'NONE',  ( 1.735060395351328166, 2.309406462673917027, 2.164540315100662138 ) ) ;
#2252 = DIRECTION ( 'NONE',  ( -0.000000000000000000, 0.000000000000000000, -1.000000000000000000 ) ) ;
#2253 = CARTESIAN_POINT ( 'NONE',  ( 1.763949289844607859, 2.618786335147483602, 2.807117169927863198 ) ) ;
#2254 = CARTESIAN_POINT ( 'NONE',  ( 1.430263821016529491, 2.528203907994290844, 1.229963835247838366 ) ) ;
#2255 = EDGE_LOOP ( 'NONE', ( #1623, #2572 ) ) ;
#2256 = ORIENTED_EDGE ( 'NONE', *, *, #143, .F. ) ;
#2257 = DIRECTION ( 'NONE',  ( -0.5980431156508589918, -0.8014639304563950795, 0.000000000000000000 ) ) ;
#2258 = DIRECTION ( 'NONE',  ( -0.000000000000000000, -0.000000000000000000, 1.000000000000000000 ) ) ;
#2259 = ORIENTED_EDGE ( 'NONE', *, *, #180, .F. ) ;
#2260 = DIRECTION ( 'NONE',  ( 0.000000000000000000, 0.000000000000000000, 1.000000000000000000 ) ) ;
#2261 = EDGE_CURVE ( 'NONE', #2674, #2493, #1765, .T. ) ;
#2262 = DIRECTION ( 'NONE',  ( 0.2808593899271647487, 0.000000000000000000, 0.9597489271104922004 ) ) ;
#2263 = FILL_AREA_STYLE ('',( #2496 ) ) ;
#2264 = CARTESIAN_POINT ( 'NONE',  ( 1.584201255453182799, 2.837161423450717646, 2.745648043832458640 ) ) ;
#2265 = CARTESIAN_POINT ( 'NONE',  ( 1.430263821016521719, 1.878203907994290933, 5.449963835247838340 ) ) ;
#2266 = ORIENTED_EDGE ( 'NONE', *, *, #460, .F. ) ;
#2267 = CARTESIAN_POINT ( 'NONE',  ( 1.430263821016521719, 2.528203907994255317, 3.799963835247866406 ) ) ;
#2268 = ORIENTED_EDGE ( 'NONE', *, *, #689, .T. ) ;
#2269 = DIRECTION ( 'NONE',  ( 0.000000000000000000, 1.000000000000000000, 1.047444401652940007E-14 ) ) ;
#2270 = CARTESIAN_POINT ( 'NONE',  ( 1.775263821016529464, 2.528203907994290844, 4.167145494775028602 ) ) ;
#2271 = ORIENTED_EDGE ( 'NONE', *, *, #966, .F. ) ;
#2272 = CARTESIAN_POINT ( 'NONE',  ( 1.775263821016529242, 2.539758713025635384, 4.167145494775028602 ) ) ;
#2273 = EDGE_CURVE ( 'NONE', #847, #1036, #1587, .T. ) ;
#2274 = DIRECTION ( 'NONE',  ( 0.000000000000000000, 0.000000000000000000, -1.000000000000000000 ) ) ;
#2275 = AXIS2_PLACEMENT_3D ( 'NONE', #2423, #1392, #2260 ) ;
#2276 = CARTESIAN_POINT ( 'NONE',  ( 1.309009974450297431, 2.172505848767895209, 2.135189387928559501 ) ) ;
#2277 = CARTESIAN_POINT ( 'NONE',  ( 1.116350108652691464, 2.671770982952285767, 4.182120861412676582 ) ) ;
#2278 = ORIENTED_EDGE ( 'NONE', *, *, #1477, .F. ) ;
#2279 = AXIS2_PLACEMENT_3D ( 'NONE', #1135, #473, #2406 ) ;
#2280 = PLANE ( 'NONE',  #1920 ) ;
#2281 = ORIENTED_EDGE ( 'NONE', *, *, #4, .F. ) ;
#2282 = FACE_BOUND ( 'NONE', #1329, .T. ) ;
#2283 = FACE_BOUND ( 'NONE', #483, .T. ) ;
#2284 = VERTEX_POINT ( 'NONE', #2447 ) ;
#2285 = DIRECTION ( 'NONE',  ( 0.000000000000000000, 1.000000000000000000, 1.008682336122189690E-14 ) ) ;
#2286 = FACE_OUTER_BOUND ( 'NONE', #103, .T. ) ;
#2287 = CIRCLE ( 'NONE', #1065, 0.3449999999999997513 ) ;
#2288 = CARTESIAN_POINT ( 'NONE',  ( 1.775263821016529464, 2.528203907994290844, 4.167145494775028602 ) ) ;
#2289 = CARTESIAN_POINT ( 'NONE',  ( 1.055884701779391310, 2.503348798422722510, 2.182507567128469717 ) ) ;
#2290 = CARTESIAN_POINT ( 'NONE',  ( 1.131903749844074492, 2.701790291229671404, 4.188973863452608803 ) ) ;
#2291 = EDGE_CURVE ( 'NONE', #2131, #2667, #2631, .T. ) ;
#2292 = DIRECTION ( 'NONE',  ( -1.000000000000000000, 0.000000000000000000, 0.000000000000000000 ) ) ;
#2293 = ORIENTED_EDGE ( 'NONE', *, *, #1677, .T. ) ;
#2294 = DIRECTION ( 'NONE',  ( -0.2808593899271647487, 0.000000000000000000, -0.9597489271104922004 ) ) ;
#2295 = DIRECTION ( 'NONE',  ( -0.000000000000000000, 0.000000000000000000, -1.000000000000000000 ) ) ;
#2296 = VERTEX_POINT ( 'NONE', #512 ) ;
#2297 = CYLINDRICAL_SURFACE ( 'NONE', #872, 0.1279527559055119446 ) ;
#2298 = ORIENTED_EDGE ( 'NONE', *, *, #148, .T. ) ;
#2299 = DIRECTION ( 'NONE',  ( 0.000000000000000000, 0.000000000000000000, -1.000000000000000000 ) ) ;
#2300 = CARTESIAN_POINT ( 'NONE',  ( 1.116350108652691464, 2.671770982952285767, 4.182120861412676582 ) ) ;
#2301 = CARTESIAN_POINT ( 'NONE',  ( 1.775263821016529464, 2.505052058206548082, 4.167145494775028602 ) ) ;
#2302 = CYLINDRICAL_SURFACE ( 'NONE', #606, 0.7600000000000001199 ) ;
#2303 = ORIENTED_EDGE ( 'NONE', *, *, #1437, .T. ) ;
#2304 = CARTESIAN_POINT ( 'NONE',  ( 1.816445482166382019, 3.028203907994290844, 4.809618610024765317 ) ) ;
#2305 = FACE_OUTER_BOUND ( 'NONE', #2446, .T. ) ;
#2306 = EDGE_LOOP ( 'NONE', ( #2656, #1235 ) ) ;
#2307 = CARTESIAN_POINT ( 'NONE',  ( 1.441647024168729585, 2.873203907994290596, 4.249963835247838162 ) ) ;
#2308 = CARTESIAN_POINT ( 'NONE',  ( 1.430263821016529491, 2.528203907994290844, 5.749963835247839050 ) ) ;
#2309 = CARTESIAN_POINT ( 'NONE',  ( 1.257005010237014941, 2.229652947853971057, 2.749907009083532028 ) ) ;
#2310 = EDGE_CURVE ( 'NONE', #2336, #734, #38, .T. ) ;
#2311 = AXIS2_PLACEMENT_3D ( 'NONE', #550, #962, #126 ) ;
#2312 = EDGE_CURVE ( 'NONE', #1749, #2080, #916, .T. ) ;
#2313 = FACE_BOUND ( 'NONE', #34, .T. ) ;
#2314 = DIRECTION ( 'NONE',  ( 0.000000000000000000, -1.000000000000000000, 0.000000000000000000 ) ) ;
#2315 = AXIS2_PLACEMENT_3D ( 'NONE', #2146, #2790, #2574 ) ;
#2316 = FACE_BOUND ( 'NONE', #13, .T. ) ;
#2317 = EDGE_CURVE ( 'NONE', #1655, #697, #1778, .T. ) ;
#2318 = EDGE_LOOP ( 'NONE', ( #904, #720 ) ) ;
#2319 = AXIS2_PLACEMENT_3D ( 'NONE', #243, #2594, #2341 ) ;
#2320 = DIRECTION ( 'NONE',  ( -0.5980431156508599910, -0.8014639304563943023, 0.000000000000000000 ) ) ;
#2321 = CARTESIAN_POINT ( 'NONE',  ( 1.430263821016521719, 2.528203907994255317, 3.799963835247866406 ) ) ;
#2322 = ORIENTED_EDGE ( 'NONE', *, *, #1727, .F. ) ;
#2323 = CARTESIAN_POINT ( 'NONE',  ( 1.384413364640251443, 2.870898321502189710, 2.731018296503143539 ) ) ;
#2324 = AXIS2_PLACEMENT_3D ( 'NONE', #280, #510, #1803 ) ;
#2325 = EDGE_CURVE ( 'NONE', #309, #1208, #1275, .T. ) ;
#2326 = CARTESIAN_POINT ( 'NONE',  ( 1.120814793050989300, 2.373992923369562469, 2.795748843099477465 ) ) ;
#2327 = CARTESIAN_POINT ( 'NONE',  ( 1.618530858260123440, 2.853441888857163988, 2.142900629565120063 ) ) ;
#2328 = VECTOR ( 'NONE', #877, 39.37007874015748143 ) ;
#2329 = EDGE_LOOP ( 'NONE', ( #1399, #286 ) ) ;
#2330 = CIRCLE ( 'NONE', #1746, 0.2499999999999998057 ) ;
#2331 = CARTESIAN_POINT ( 'NONE',  ( 1.275117862868508922, 2.186583676111772068, 2.138794413497026259 ) ) ;
#2332 = CARTESIAN_POINT ( 'NONE',  ( 1.430263821016529491, 3.028203907994290844, 2.129963835247838499 ) ) ;
#2333 = ORIENTED_EDGE ( 'NONE', *, *, #804, .T. ) ;
#2334 = CARTESIAN_POINT ( 'NONE',  ( 1.775263821016529464, 2.528203907994290844, 4.167145494775028602 ) ) ;
#2335 = CARTESIAN_POINT ( 'NONE',  ( 1.148229878693703521, 2.775652309641970295, 2.159505388967681849 ) ) ;
#2336 = VERTEX_POINT ( 'NONE', #487 ) ;
#2337 = CARTESIAN_POINT ( 'NONE',  ( 1.430263821016529491, 3.028203907994290844, 3.489963835247838375 ) ) ;
#2338 = CARTESIAN_POINT ( 'NONE',  ( 1.044082159866679183, 3.528203907994290844, 2.170309060470911433 ) ) ;
#2339 = DIRECTION ( 'NONE',  ( 0.000000000000000000, 1.000000000000000000, -0.000000000000000000 ) ) ;
#2340 = ORIENTED_EDGE ( 'NONE', *, *, #2676, .F. ) ;
#2341 = DIRECTION ( 'NONE',  ( 0.000000000000000000, 1.000000000000000000, 1.092739197465706076E-14 ) ) ;
#2342 = CARTESIAN_POINT ( 'NONE',  ( 1.202071198932671781, 2.787198103424746165, 2.764974745502152498 ) ) ;
#2343 = CARTESIAN_POINT ( 'NONE',  ( 1.430263821016521719, 2.278203907994255317, 3.799963835247863742 ) ) ;
#2344 = VERTEX_POINT ( 'NONE', #1349 ) ;
#2345 = CARTESIAN_POINT ( 'NONE',  ( 1.632140792277936514, 2.248212578692427854, 2.757203827731618428 ) ) ;
#2346 = ADVANCED_FACE ( 'NONE', ( #1192 ), #2479, .T. ) ;
#2347 = CARTESIAN_POINT ( 'NONE',  ( 1.104865716745116133, 2.716212716662097293, 2.169390540176206805 ) ) ;
#2348 = ORIENTED_EDGE ( 'NONE', *, *, #2310, .T. ) ;
#2349 = CARTESIAN_POINT ( 'NONE',  ( 1.202071198932671781, 2.787198103424746165, 2.764974745502152498 ) ) ;
#2350 = CARTESIAN_POINT ( 'NONE',  ( 1.430263821016521719, 2.403203907994235333, 5.749963835247864807 ) ) ;
#2351 = DIRECTION ( 'NONE',  ( 0.000000000000000000, 0.000000000000000000, 1.000000000000000000 ) ) ;
#2352 = EDGE_LOOP ( 'NONE', ( #930, #2480, #1391, #2143 ) ) ;
#2353 = ADVANCED_FACE ( 'NONE', ( #167 ), #2297, .F. ) ;
#2354 = DIRECTION ( 'NONE',  ( 0.000000000000000000, 1.000000000000000000, -0.000000000000000000 ) ) ;
#2355 = CIRCLE ( 'NONE', #1096, 0.1279527559055119446 ) ;
#2356 = CARTESIAN_POINT ( 'NONE',  ( 1.805263821016529491, 2.528203907994290844, 5.449963835247838340 ) ) ;
#2357 = EDGE_CURVE ( 'NONE', #829, #2517, #959, .T. ) ;
#2358 = CARTESIAN_POINT ( 'NONE',  ( 1.739389222039976035, 2.681806779840010702, 2.795647232451009767 ) ) ;
#2359 = ORIENTED_EDGE ( 'NONE', *, *, #603, .T. ) ;
#2360 = AXIS2_PLACEMENT_3D ( 'NONE', #50, #1976, #912 ) ;
#2361 = CARTESIAN_POINT ( 'NONE',  ( 1.770652652952099171, 2.585551954258272112, 4.169479650562957218 ) ) ;
#2362 = CARTESIAN_POINT ( 'NONE',  ( 1.542352908995957561, 2.201720756311149607, 4.241733212263121722 ) ) ;
#2363 = ORIENTED_EDGE ( 'NONE', *, *, #724, .T. ) ;
#2364 = CARTESIAN_POINT ( 'NONE',  ( 1.149849458254499135, 2.729497056698330759, 2.783555089045227859 ) ) ;
#2365 = PLANE ( 'NONE',  #57 ) ;
#2366 = CARTESIAN_POINT ( 'NONE',  ( 1.658973045213730790, 2.825639376812331349, 2.149298001992200113 ) ) ;
#2367 = DIRECTION ( 'NONE',  ( 0.000000000000000000, -1.000000000000000000, 0.000000000000000000 ) ) ;
#2368 = EDGE_LOOP ( 'NONE', ( #1770, #565, #868, #1718, #1619 ) ) ;
#2369 = AXIS2_PLACEMENT_3D ( 'NONE', #742, #1643, #770 ) ;
#2370 = CARTESIAN_POINT ( 'NONE',  ( 1.156150145664196938, 2.317516019841475039, 4.198937258032034769 ) ) ;
#2371 = CARTESIAN_POINT ( 'NONE',  ( 1.096567687713304373, 2.437642613258404367, 4.172805355427328777 ) ) ;
#2372 = CIRCLE ( 'NONE', #2687, 0.7600000000000001199 ) ;
#2373 = CARTESIAN_POINT ( 'NONE',  ( 1.430263821016530601, 3.288203907994291075, 3.489963835247838375 ) ) ;
#2374 = VERTEX_POINT ( 'NONE', #1671 ) ;
#2375 = EDGE_CURVE ( 'NONE', #351, #134, #1858, .T. ) ;
#2376 = CARTESIAN_POINT ( 'NONE',  ( 1.774702352779292003, 2.550947544148599366, 2.812495241620653452 ) ) ;
#2377 = CARTESIAN_POINT ( 'NONE',  ( 1.263481961620305016, 2.864963973656220908, 2.140038044338683942 ) ) ;
#2378 = ORIENTED_EDGE ( 'NONE', *, *, #2579, .T. ) ;
#2379 = CARTESIAN_POINT ( 'NONE',  ( 1.120547326189601511, 2.681839376075739523, 2.795869966909002358 ) ) ;
#2380 = FACE_OUTER_BOUND ( 'NONE', #2419, .T. ) ;
#2381 = CARTESIAN_POINT ( 'NONE',  ( 1.430263821016529491, 1.768203907994290391, 3.489963835247838375 ) ) ;
#2382 = CARTESIAN_POINT ( 'NONE',  ( 1.689497117162092055, 2.300283846977182911, 4.204425471037530393 ) ) ;
#2383 = CARTESIAN_POINT ( 'NONE',  ( 1.418822866721935139, 2.183203907994290649, 4.249963835247836386 ) ) ;
#2384 = EDGE_CURVE ( 'NONE', #1073, #1151, #965, .T. ) ;
#2385 = CARTESIAN_POINT ( 'NONE',  ( 1.407115835305560836, 2.873203907994290152, 2.729963835247838588 ) ) ;
#2386 = PLANE ( 'NONE',  #2199 ) ;
#2387 = ORIENTED_EDGE ( 'NONE', *, *, #1964, .T. ) ;
#2388 = LINE ( 'NONE', #456, #1184 ) ;
#2389 = ORIENTED_EDGE ( 'NONE', *, *, #515, .T. ) ;
#2390 = DIRECTION ( 'NONE',  ( 0.000000000000000000, 1.000000000000000000, 0.000000000000000000 ) ) ;
#2391 = DIRECTION ( 'NONE',  ( 0.000000000000000000, 1.047444401652940007E-14, -1.000000000000000000 ) ) ;
#2392 = CARTESIAN_POINT ( 'NONE',  ( 1.430263821016521719, 3.178203907994231692, 6.049963835247873511 ) ) ;
#2393 = CARTESIAN_POINT ( 'NONE',  ( 1.603791676565031521, 2.229173072331239958, 4.230140250053875839 ) ) ;
#2394 = PRODUCT_DEFINITION_CONTEXT ( 'detailed design', #1490, 'design' ) ;
#2395 = CARTESIAN_POINT ( 'NONE',  ( 1.793138545661432826, 2.625998428650586192, 4.800668782021123349 ) ) ;
#2396 = ADVANCED_FACE ( 'NONE', ( #140 ), #1209, .F. ) ;
#2397 = ADVANCED_FACE ( 'NONE', ( #1178 ), #1233, .F. ) ;
#2398 = CARTESIAN_POINT ( 'NONE',  ( 1.219309236693444820, 2.801421823573138070, 2.759772616198432615 ) ) ;
#2399 = CARTESIAN_POINT ( 'NONE',  ( 1.430263821016529491, 2.528203907994290844, 1.229963835247838366 ) ) ;
#2400 = ORIENTED_EDGE ( 'NONE', *, *, #1558, .T. ) ;
#2401 = CARTESIAN_POINT ( 'NONE',  ( 1.430263821016521719, 2.528203907994255317, 3.799963835247866406 ) ) ;
#2402 = CYLINDRICAL_SURFACE ( 'NONE', #1650, 0.2500000000000000555 ) ;
#2403 = ORIENTED_EDGE ( 'NONE', *, *, #2187, .T. ) ;
#2404 = CARTESIAN_POINT ( 'NONE',  ( 1.740017679681832075, 2.374640584206661131, 2.795886602875179872 ) ) ;
#2405 = AXIS2_PLACEMENT_3D ( 'NONE', #283, #2237, #690 ) ;
#2406 = DIRECTION ( 'NONE',  ( 0.000000000000000000, -1.000000000000000000, 0.000000000000000000 ) ) ;
#2407 = CARTESIAN_POINT ( 'NONE',  ( 1.805263821016529491, 2.528203907994290844, 2.182686129479090908 ) ) ;
#2408 = DIRECTION ( 'NONE',  ( -0.000000000000000000, -0.000000000000000000, 1.000000000000000000 ) ) ;
#2409 = AXIS2_PLACEMENT_3D ( 'NONE', #48, #1789, #1148 ) ;
#2410 = EDGE_CURVE ( 'NONE', #2442, #833, #1269, .T. ) ;
#2411 = CARTESIAN_POINT ( 'NONE',  ( 1.766484144950596580, 2.361677844582394492, 2.172165844463942008 ) ) ;
#2412 = CIRCLE ( 'NONE', #431, 0.1279527559055119446 ) ;
#2413 = CARTESIAN_POINT ( 'NONE',  ( 1.430263821016529713, 2.903203907994291733, 4.849963835247838695 ) ) ;
#2414 = DIRECTION ( 'NONE',  ( 0.000000000000000000, -1.000000000000000000, -0.000000000000000000 ) ) ;
#2415 = ORIENTED_EDGE ( 'NONE', *, *, #844, .T. ) ;
#2416 = AXIS2_PLACEMENT_3D ( 'NONE', #932, #263, #1331 ) ;
#2417 = VECTOR ( 'NONE', #12, 39.37007874015748143 ) ;
#2418 = SURFACE_SIDE_STYLE ('',( #668 ) ) ;
#2419 = EDGE_LOOP ( 'NONE', ( #1402, #2608 ) ) ;
#2420 = CARTESIAN_POINT ( 'NONE',  ( 1.584257594570728678, 2.219274287123526257, 2.745659648588082646 ) ) ;
#2421 = CARTESIAN_POINT ( 'NONE',  ( 1.430263821016529713, 2.028203907994290844, 4.864963835247838375 ) ) ;
#2422 = CARTESIAN_POINT ( 'NONE',  ( 1.430263821016529713, 2.528203907994290844, 1.719963835247838357 ) ) ;
#2423 = CARTESIAN_POINT ( 'NONE',  ( 1.430263821016529491, 1.528203907994290622, 3.489963835247838375 ) ) ;
#2424 = CARTESIAN_POINT ( 'NONE',  ( 1.491844607127348787, 2.898315803681358993, 4.848622166821883184 ) ) ;
#2425 = CARTESIAN_POINT ( 'NONE',  ( 1.173772190413915117, 2.802037519240473618, 4.825586875938222775 ) ) ;
#2426 = PLANE ( 'NONE',  #303 ) ;
#2427 = ORIENTED_EDGE ( 'NONE', *, *, #1677, .F. ) ;
#2428 = DIRECTION ( 'NONE',  ( 0.000000000000000000, 0.000000000000000000, -1.000000000000000000 ) ) ;
#2429 = CARTESIAN_POINT ( 'NONE',  ( 1.666676572880711360, 2.276691307694043154, 2.767621615856284301 ) ) ;
#2430 = ADVANCED_FACE ( 'NONE', ( #1441 ), #2731, .T. ) ;
#2431 = DIRECTION ( 'NONE',  ( 0.000000000000000000, 1.047444401652940007E-14, -1.000000000000000000 ) ) ;
#2432 = CARTESIAN_POINT ( 'NONE',  ( 1.430263821016529491, 2.528203907994290844, 5.749963835247865696 ) ) ;
#2433 = ORIENTED_EDGE ( 'NONE', *, *, #1234, .T. ) ;
#2434 = CARTESIAN_POINT ( 'NONE',  ( 1.430263821016529047, 2.528203907994290844, 1.229963835247838366 ) ) ;
#2435 = CARTESIAN_POINT ( 'NONE',  ( 1.170737579021600361, 2.299808555091312989, 2.775456035883456352 ) ) ;
#2436 = EDGE_CURVE ( 'NONE', #1520, #1292, #826, .T. ) ;
#2437 = PLANE ( 'NONE',  #108 ) ;
#2438 = CARTESIAN_POINT ( 'NONE',  ( 1.430263821016521719, 2.278203907994257538, 3.599963835247863564 ) ) ;
#2439 = VERTEX_POINT ( 'NONE', #541 ) ;
#2440 = EDGE_CURVE ( 'NONE', #1491, #2155, #337, .T. ) ;
#2441 = CARTESIAN_POINT ( 'NONE',  ( 1.430263821016529491, 3.028203907994290844, 2.729963835247838144 ) ) ;
#2442 = VERTEX_POINT ( 'NONE', #2132 ) ;
#2443 = CARTESIAN_POINT ( 'NONE',  ( 1.613630265154922361, 2.235755274600415898, 2.752353987628589405 ) ) ;
#2444 = CARTESIAN_POINT ( 'NONE',  ( 1.802232884169734151, 2.479042565859125524, 4.798107792426200113 ) ) ;
#2445 = DIRECTION ( 'NONE',  ( 0.000000000000000000, -1.000000000000000000, -1.092739197465704972E-14 ) ) ;
#2446 = EDGE_LOOP ( 'NONE', ( #837, #505 ) ) ;
#2447 = CARTESIAN_POINT ( 'NONE',  ( 1.430263821016529491, 2.028203907994290844, 4.249963835247838162 ) ) ;
#2448 = AXIS2_PLACEMENT_3D ( 'NONE', #2308, #1819, #354 ) ;
#2449 = AXIS2_PLACEMENT_3D ( 'NONE', #1248, #1686, #403 ) ;
#2450 = AXIS2_PLACEMENT_3D ( 'NONE', #2134, #197, #1276 ) ;
#2451 = CARTESIAN_POINT ( 'NONE',  ( 1.088135837684532037, 2.482316073684770252, 2.811325419579687512 ) ) ;
#2452 = CARTESIAN_POINT ( 'NONE',  ( 1.182782679584748253, 2.810209230775466693, 4.827291320073368475 ) ) ;
#2453 = CARTESIAN_POINT ( 'NONE',  ( 1.201242042517802533, 2.230240982173811393, 4.830702080811123622 ) ) ;
#2454 = CARTESIAN_POINT ( 'NONE',  ( 1.430263821016529713, 2.528203907994290844, 3.360279772404705323 ) ) ;
#2455 = EDGE_LOOP ( 'NONE', ( #808, #1408, #1828, #1567, #1846, #1917, #811, #2060, #1994, #1798 ) ) ;
#2456 = CIRCLE ( 'NONE', #1785, 0.3749999999999999445 ) ;
#2457 = AXIS2_PLACEMENT_3D ( 'NONE', #618, #1881, #859 ) ;
#2458 =( NAMED_UNIT ( * ) PLANE_ANGLE_UNIT ( ) SI_UNIT ( $, .RADIAN. ) );
#2459 = VERTEX_POINT ( 'NONE', #852 ) ;
#2460 = EDGE_CURVE ( 'NONE', #619, #2488, #1063, .T. ) ;
#2461 = VECTOR ( 'NONE', #638, 39.37007874015748143 ) ;
#2462 = FACE_OUTER_BOUND ( 'NONE', #1658, .T. ) ;
#2463 = FACE_OUTER_BOUND ( 'NONE', #2711, .T. ) ;
#2464 = ORIENTED_EDGE ( 'NONE', *, *, #1937, .F. ) ;
#2465 = B_SPLINE_CURVE_WITH_KNOTS ( 'NONE', 3,
 ( #1406, #1675, #1225, #601, #2276, #2331, #2720, #341, #132, #159, #805, #382, #1663, #1239, #986, #1849, #1446, #777, #1632, #2497, #1420, #2289, #2511, #1522 ),
 .UNSPECIFIED., .F., .F.,
 ( 4, 2, 2, 2, 2, 2, 2, 2, 2, 2, 2, 4 ),
 ( 0.02992512088691806280, 0.03179516681350962048, 0.03366521274010117470, 0.03460023570339695181, 0.03553525866669272892, 0.03740530459328428314, 0.03834032755658006719, 0.03927535051987584430, 0.04114539644646740546, 0.04301544237305896662, 0.04395046533635475761, 0.04488548829965054859 ),
 .UNSPECIFIED. ) ;
#2466 = AXIS2_PLACEMENT_3D ( 'NONE', #2250, #1113, #281 ) ;
#2467 = LINE ( 'NONE', #2220, #705 ) ;
#2468 = ORIENTED_EDGE ( 'NONE', *, *, #1188, .T. ) ;
#2469 = CARTESIAN_POINT ( 'NONE',  ( 1.089844390034868882, 2.471032211277269131, 2.810463345639932164 ) ) ;
#2470 = EDGE_CURVE ( 'NONE', #481, #2148, #508, .T. ) ;
#2471 = CARTESIAN_POINT ( 'NONE',  ( 1.093477635172155349, 2.361459903006337679, 4.807639935298781531 ) ) ;
#2472 = DIRECTION ( 'NONE',  ( 1.000000000000000000, 0.000000000000000000, 0.000000000000000000 ) ) ;
#2473 = VERTEX_POINT ( 'NONE', #1077 ) ;
#2474 = CARTESIAN_POINT ( 'NONE',  ( 1.430263821016530601, 3.288203907994291075, 3.489963835247838375 ) ) ;
#2475 = EDGE_CURVE ( 'NONE', #977, #2155, #660, .T. ) ;
#2476 = ORIENTED_EDGE ( 'NONE', *, *, #703, .T. ) ;
#2477 = CARTESIAN_POINT ( 'NONE',  ( 1.487395321955112371, 2.187776228022020764, 2.732031169476443644 ) ) ;
#2478 = CARTESIAN_POINT ( 'NONE',  ( 1.756747833084915777, 2.416116733058219168, 4.176274260877661071 ) ) ;
#2479 = CYLINDRICAL_SURFACE ( 'NONE', #334, 0.7600000000000001199 ) ;
#2480 = ORIENTED_EDGE ( 'NONE', *, *, #2119, .T. ) ;
#2481 = DIRECTION ( 'NONE',  ( 1.000000000000000000, 0.000000000000000000, 0.000000000000000000 ) ) ;
#2482 = CARTESIAN_POINT ( 'NONE',  ( 0.000000000000000000, 0.000000000000000000, 0.000000000000000000 ) ) ;
#2483 = CARTESIAN_POINT ( 'NONE',  ( 1.407475148386766906, 2.872641326593149191, 4.249707942012006079 ) ) ;
#2484 = CARTESIAN_POINT ( 'NONE',  ( 1.103237566022574168, 2.640418540876070974, 4.176073519818912061 ) ) ;
#2485 = ORIENTED_EDGE ( 'NONE', *, *, #2640, .T. ) ;
#2486 = EDGE_CURVE ( 'NONE', #1040, #2614, #1366, .T. ) ;
#2487 = SURFACE_STYLE_FILL_AREA ( #564 ) ;
#2488 = VERTEX_POINT ( 'NONE', #391 ) ;
#2489 = CARTESIAN_POINT ( 'NONE',  ( 1.430263821016529491, 1.528203907994290622, 2.829963835247838233 ) ) ;
#2490 = CARTESIAN_POINT ( 'NONE',  ( 1.430263821016529491, 2.528203907994290844, 1.529963835247838411 ) ) ;
#2491 = VERTEX_POINT ( 'NONE', #1899 ) ;
#2492 = CARTESIAN_POINT ( 'NONE',  ( 1.775263821016529464, 2.528203907994290844, 4.167145494775028602 ) ) ;
#2493 = VERTEX_POINT ( 'NONE', #2118 ) ;
#2494 = DIRECTION ( 'NONE',  ( -0.000000000000000000, -1.000000000000000000, 0.000000000000000000 ) ) ;
#2495 = ADVANCED_FACE ( 'NONE', ( #1259 ), #237, .T. ) ;
#2496 = FILL_AREA_STYLE_COLOUR ( '', #1738 ) ;
#2497 = CARTESIAN_POINT ( 'NONE',  ( 1.060151524434921111, 2.466625948568283544, 2.181291562486798785 ) ) ;
#2498 = DIRECTION ( 'NONE',  ( 0.000000000000000000, 0.000000000000000000, -1.000000000000000000 ) ) ;
#2499 = EDGE_LOOP ( 'NONE', ( #665, #2686, #2340, #1247, #1332 ) ) ;
#2500 = DIRECTION ( 'NONE',  ( 0.000000000000000000, -1.000000000000000000, 0.000000000000000000 ) ) ;
#2501 = ORIENTED_EDGE ( 'NONE', *, *, #2173, .F. ) ;
#2502 = DIRECTION ( 'NONE',  ( 0.000000000000000000, 1.047444401652940007E-14, -1.000000000000000000 ) ) ;
#2503 = CARTESIAN_POINT ( 'NONE',  ( 1.430263821016521719, 2.528203907994231781, 6.049963835247866406 ) ) ;
#2504 = ORIENTED_EDGE ( 'NONE', *, *, #813, .F. ) ;
#2505 = CARTESIAN_POINT ( 'NONE',  ( 1.704345341713383366, 2.738911891938305754, 4.198947597115246566 ) ) ;
#2506 = AXIS2_PLACEMENT_3D ( 'NONE', #767, #304, #2292 ) ;
#2507 = EDGE_LOOP ( 'NONE', ( #752, #128, #141, #2298 ) ) ;
#2508 = AXIS2_PLACEMENT_3D ( 'NONE', #2637, #929, #491 ) ;
#2509 = CARTESIAN_POINT ( 'NONE',  ( 1.506785085814376091, 2.630753426655049854, 1.719963835247838357 ) ) ;
#2510 = EDGE_CURVE ( 'NONE', #1579, #722, #1005, .T. ) ;
#2511 = CARTESIAN_POINT ( 'NONE',  ( 1.055263821016529491, 2.515840616269362062, 2.182686129479090908 ) ) ;
#2512 = CARTESIAN_POINT ( 'NONE',  ( 1.640875879651074509, 2.254722544664682360, 4.220253862044411441 ) ) ;
#2513 = DIRECTION ( 'NONE',  ( 0.000000000000000000, 0.000000000000000000, -1.000000000000000000 ) ) ;
#2514 = ORIENTED_EDGE ( 'NONE', *, *, #1118, .F. ) ;
#2515 = CARTESIAN_POINT ( 'NONE',  ( 1.740017679681832075, 2.374640584206661131, 2.795886602875179872 ) ) ;
#2516 = FACE_BOUND ( 'NONE', #2318, .T. ) ;
#2517 = VERTEX_POINT ( 'NONE', #1091 ) ;
#2518 = DIRECTION ( 'NONE',  ( 0.000000000000000000, 1.047444401652940007E-14, -1.000000000000000000 ) ) ;
#2519 = ADVANCED_FACE ( 'NONE', ( #223 ), #208, .T. ) ;
#2520 = ORIENTED_EDGE ( 'NONE', *, *, #2553, .F. ) ;
#2521 = DIRECTION ( 'NONE',  ( -0.000000000000000000, -1.000000000000000000, -0.000000000000000000 ) ) ;
#2522 = CARTESIAN_POINT ( 'NONE',  ( 1.121252457941647629, 2.682031545320541444, 4.184330978113534272 ) ) ;
#2523 = CARTESIAN_POINT ( 'NONE',  ( 1.055263821016529491, 2.528203907994290844, 5.449963835247838340 ) ) ;
#2524 = CARTESIAN_POINT ( 'NONE',  ( 1.430263821016529713, 3.028203907994290844, 4.849963835247837807 ) ) ;
#2525 = ORIENTED_EDGE ( 'NONE', *, *, #143, .T. ) ;
#2526 = ADVANCED_FACE ( 'NONE', ( #864 ), #2603, .F. ) ;
#2527 = AXIS2_PLACEMENT_3D ( 'NONE', #1631, #1861, #1194 ) ;
#2528 = CARTESIAN_POINT ( 'NONE',  ( 1.430263821016521719, 2.528203907994234889, 5.749963835247865696 ) ) ;
#2529 = DIRECTION ( 'NONE',  ( 0.000000000000000000, 1.000000000000000000, -0.000000000000000000 ) ) ;
#2530 = VERTEX_POINT ( 'NONE', #2544 ) ;
#2531 = CARTESIAN_POINT ( 'NONE',  ( 1.430263821016529491, 3.028203907994290844, 3.489963835247838375 ) ) ;
#2532 = CARTESIAN_POINT ( 'NONE',  ( 1.097130294712080234, 2.437785527258360840, 2.806856462856655909 ) ) ;
#2533 = DIRECTION ( 'NONE',  ( 0.000000000000000000, 0.000000000000000000, 1.000000000000000000 ) ) ;
#2534 = CARTESIAN_POINT ( 'NONE',  ( 1.373187265657431766, 2.868641422656569517, 4.247900912556426434 ) ) ;
#2535 = VECTOR ( 'NONE', #364, 39.37007874015748143 ) ;
#2536 = CARTESIAN_POINT ( 'NONE',  ( 1.430263821016529047, 2.528203907994290844, 0.9299638352478384329 ) ) ;
#2537 = AXIS2_PLACEMENT_3D ( 'NONE', #2482, #531, #572 ) ;
#2538 = AXIS2_PLACEMENT_3D ( 'NONE', #1559, #1571, #36 ) ;
#2539 = CARTESIAN_POINT ( 'NONE',  ( 1.430263821016529713, 2.528203907994290844, 1.719963835247838357 ) ) ;
#2540 = VERTEX_POINT ( 'NONE', #825 ) ;
#2541 = CARTESIAN_POINT ( 'NONE',  ( 1.658333014157038710, 2.269100791362054448, 2.764935816193714313 ) ) ;
#2542 = CARTESIAN_POINT ( 'NONE',  ( 1.430263821016529713, 2.528203907994290844, 2.701774835247837903 ) ) ;
#2543 = ORIENTED_EDGE ( 'NONE', *, *, #313, .F. ) ;
#2544 = CARTESIAN_POINT ( 'NONE',  ( 1.430263821016529047, 2.668203907994290969, 1.229963835247838366 ) ) ;
#2545 = CIRCLE ( 'NONE', #1286, 0.6600000000000000311 ) ;
#2546 = CARTESIAN_POINT ( 'NONE',  ( 1.430263821016529713, 2.528203907994290844, 1.719963835247838357 ) ) ;
#2547 = CARTESIAN_POINT ( 'NONE',  ( 1.430263821016529713, 2.528203907994290844, 3.360279772404705323 ) ) ;
#2548 = VECTOR ( 'NONE', #807, 39.37007874015748143 ) ;
#2549 = AXIS2_PLACEMENT_3D ( 'NONE', #1282, #642, #2178 ) ;
#2550 = EDGE_LOOP ( 'NONE', ( #994, #2525, #2078, #101 ) ) ;
#2551 = AXIS2_PLACEMENT_3D ( 'NONE', #441, #1797, #664 ) ;
#2552 = CARTESIAN_POINT ( 'NONE',  ( 1.318104557933087007, 2.201746988010977013, 4.241721869302945258 ) ) ;
#2553 = EDGE_CURVE ( 'NONE', #714, #365, #2672, .T. ) ;
#2554 = CARTESIAN_POINT ( 'NONE',  ( 1.137427526019728852, 2.345453866571830748, 4.191314182535070820 ) ) ;
#2555 = CARTESIAN_POINT ( 'NONE',  ( 1.430263821016529491, 2.028203907994290844, 3.489963835247838375 ) ) ;
#2556 = ORIENTED_EDGE ( 'NONE', *, *, #632, .T. ) ;
#2557 = ADVANCED_FACE ( 'NONE', ( #1984 ), #1557, .T. ) ;
#2558 = DIRECTION ( 'NONE',  ( 0.000000000000000000, 0.000000000000000000, -1.000000000000000000 ) ) ;
#2559 = PLANE ( 'NONE',  #476 ) ;
#2560 = ORIENTED_EDGE ( 'NONE', *, *, #2640, .F. ) ;
#2561 = CARTESIAN_POINT ( 'NONE',  ( 1.178171920377508508, 2.763995909266065976, 2.772943475663764534 ) ) ;
#2562 = DIRECTION ( 'NONE',  ( 0.000000000000000000, -1.000000000000000000, -0.000000000000000000 ) ) ;
#2563 = CARTESIAN_POINT ( 'NONE',  ( 1.795622789318249479, 2.613588679450513208, 2.179956539793173054 ) ) ;
#2564 = ORIENTED_EDGE ( 'NONE', *, *, #703, .F. ) ;
#2565 = ADVANCED_FACE ( 'NONE', ( #1108, #35 ), #1995, .T. ) ;
#2566 = CARTESIAN_POINT ( 'NONE',  ( 1.430263821016525272, 2.183203907994238691, 4.249963835247862143 ) ) ;
#2567 = CARTESIAN_POINT ( 'NONE',  ( 1.170234841462211461, 2.300379962979302473, 4.204288288600668722 ) ) ;
#2568 = CARTESIAN_POINT ( 'NONE',  ( 1.772447107551311740, 2.573654689777034044, 2.811353346137672737 ) ) ;
#2569 = VERTEX_POINT ( 'NONE', #1146 ) ;
#2570 = CARTESIAN_POINT ( 'NONE',  ( 1.666676572880711360, 2.276691307694043154, 2.767621615856284301 ) ) ;
#2571 = CARTESIAN_POINT ( 'NONE',  ( 1.703680297504788888, 2.317507713369707290, 4.199118798024326082 ) ) ;
#2572 = ORIENTED_EDGE ( 'NONE', *, *, #1978, .T. ) ;
#2573 = CARTESIAN_POINT ( 'NONE',  ( 1.170716531698311025, 2.755765805679453617, 2.775616403148134292 ) ) ;
#2574 = DIRECTION ( 'NONE',  ( 1.000000000000000000, 0.000000000000000000, 0.000000000000000000 ) ) ;
#2575 = CARTESIAN_POINT ( 'NONE',  ( 1.430263821016530601, 3.028203907994290844, 3.489963835247838375 ) ) ;
#2576 = EDGE_LOOP ( 'NONE', ( #1476, #1936, #426 ) ) ;
#2577 = FACE_OUTER_BOUND ( 'NONE', #1273, .T. ) ;
#2578 = PRODUCT ( 'Part1^Assem2', 'Part1^Assem2', '', ( #2050 ) ) ;
#2579 = EDGE_CURVE ( 'NONE', #734, #395, #1409, .T. ) ;
#2580 = DIRECTION ( 'NONE',  ( 0.000000000000000000, 1.047444401652940007E-14, -1.000000000000000000 ) ) ;
#2581 = LINE ( 'NONE', #2524, #302 ) ;
#2582 = ORIENTED_EDGE ( 'NONE', *, *, #2604, .T. ) ;
#2583 = AXIS2_PLACEMENT_3D ( 'NONE', #2546, #2589, #2120 ) ;
#2584 = CIRCLE ( 'NONE', #2538, 1.359999999999999654 ) ;
#2585 = CARTESIAN_POINT ( 'NONE',  ( 1.125429423744612967, 2.309455782742882768, 4.815378821686693733 ) ) ;
#2586 = CARTESIAN_POINT ( 'NONE',  ( 1.710423950376979585, 2.326557817905043901, 4.196473486526271834 ) ) ;
#2587 = ORIENTED_EDGE ( 'NONE', *, *, #931, .F. ) ;
#2588 = DIRECTION ( 'NONE',  ( 0.000000000000000000, 0.000000000000000000, -1.000000000000000000 ) ) ;
#2589 = DIRECTION ( 'NONE',  ( 0.000000000000000000, 0.000000000000000000, -1.000000000000000000 ) ) ;
#2590 = CARTESIAN_POINT ( 'NONE',  ( 1.455177906522507003, 2.903203907994290844, 2.129963835247838499 ) ) ;
#2591 = CARTESIAN_POINT ( 'NONE',  ( 1.430263821016529491, 2.873203907994290596, 4.249963835247838162 ) ) ;
#2592 = CIRCLE ( 'NONE', #1965, 0.6499999999999999112 ) ;
#2593 = MECHANICAL_DESIGN_GEOMETRIC_PRESENTATION_REPRESENTATION (  '', ( #2151 ), #1289 ) ;
#2594 = DIRECTION ( 'NONE',  ( 0.000000000000000000, 1.047444401652940007E-14, -1.000000000000000000 ) ) ;
#2595 = CIRCLE ( 'NONE', #73, 0.1249999999999999029 ) ;
#2596 = CARTESIAN_POINT ( 'NONE',  ( 1.156150145664196938, 2.317516019841475039, 4.198937258032034769 ) ) ;
#2597 = AXIS2_PLACEMENT_3D ( 'NONE', #1127, #938, #475 ) ;
#2598 = FACE_OUTER_BOUND ( 'NONE', #2755, .T. ) ;
#2599 = ORIENTED_EDGE ( 'NONE', *, *, #1821, .T. ) ;
#2600 = DIRECTION ( 'NONE',  ( 0.000000000000000000, 1.000000000000000000, -0.000000000000000000 ) ) ;
#2601 = CARTESIAN_POINT ( 'NONE',  ( 1.430263821016529713, 2.528203907994290844, 3.326184284066735941 ) ) ;
#2602 = ORIENTED_EDGE ( 'NONE', *, *, #1288, .T. ) ;
#2603 = CYLINDRICAL_SURFACE ( 'NONE', #158, 0.6600000000000000311 ) ;
#2604 = EDGE_CURVE ( 'NONE', #319, #2439, #2763, .T. ) ;
#2605 = CARTESIAN_POINT ( 'NONE',  ( 1.430263821016530601, 3.528203907994290844, 3.489963835247838375 ) ) ;
#2606 = CYLINDRICAL_SURFACE ( 'NONE', #2324, 0.3450000000000000289 ) ;
#2607 = DIRECTION ( 'NONE',  ( 0.000000000000000000, 1.000000000000000000, 8.741913579725648610E-15 ) ) ;
#2608 = ORIENTED_EDGE ( 'NONE', *, *, #675, .F. ) ;
#2609 = EDGE_CURVE ( 'NONE', #2689, #1538, #1972, .T. ) ;
#2610 = CARTESIAN_POINT ( 'NONE',  ( 1.805263821016529491, 2.528203907994290844, 4.797241541016585842 ) ) ;
#2611 = ADVANCED_FACE ( 'NONE', ( #1762 ), #1788, .T. ) ;
#2612 = LINE ( 'NONE', #440, #595 ) ;
#2613 = CYLINDRICAL_SURFACE ( 'NONE', #2244, 0.3749999999999999445 ) ;
#2614 = VERTEX_POINT ( 'NONE', #1775 ) ;
#2615 = CARTESIAN_POINT ( 'NONE',  ( 1.079321319786042066, 2.395481508325489450, 4.803913290415485093 ) ) ;
#2616 = PLANE ( 'NONE',  #345 ) ;
#2617 = VERTEX_POINT ( 'NONE', #2630 ) ;
#2618 = CARTESIAN_POINT ( 'NONE',  ( 1.690320271797676410, 2.300401467659990207, 2.775647569826727334 ) ) ;
#2619 = EDGE_CURVE ( 'NONE', #851, #2796, #1260, .T. ) ;
#2620 = FACE_BOUND ( 'NONE', #796, .T. ) ;
#2621 = CYLINDRICAL_SURFACE ( 'NONE', #2057, 0.2500000000000000555 ) ;
#2622 = DIRECTION ( 'NONE',  ( -0.000000000000000000, -1.000000000000000000, -0.000000000000000000 ) ) ;
#2623 = DIRECTION ( 'NONE',  ( 0.000000000000000000, 0.000000000000000000, 1.000000000000000000 ) ) ;
#2624 = CYLINDRICAL_SURFACE ( 'NONE', #643, 0.3450000000000000289 ) ;
#2625 = LINE ( 'NONE', #692, #1294 ) ;
#2626 = ORIENTED_EDGE ( 'NONE', *, *, #204, .F. ) ;
#2627 = AXIS2_PLACEMENT_3D ( 'NONE', #1855, #333, #361 ) ;
#2628 = CARTESIAN_POINT ( 'NONE',  ( 1.430263821016529491, 2.528203907994290844, 2.129963835247838499 ) ) ;
#2629 = ORIENTED_EDGE ( 'NONE', *, *, #1727, .T. ) ;
#2630 = CARTESIAN_POINT ( 'NONE',  ( 1.430263821016529047, 2.388203907994290720, 1.229963835247838366 ) ) ;
#2631 = CIRCLE ( 'NONE', #2360, 0.01968503937007848661 ) ;
#2632 = CARTESIAN_POINT ( 'NONE',  ( 1.430263821016529491, 2.873203907994290596, 4.249963835247838162 ) ) ;
#2633 = DIRECTION ( 'NONE',  ( 0.000000000000000000, 1.000000000000000000, 9.502079977962660984E-15 ) ) ;
#2634 = CARTESIAN_POINT ( 'NONE',  ( 1.506785085814376313, 2.630753426655049854, 2.701774835247837903 ) ) ;
#2635 = CARTESIAN_POINT ( 'NONE',  ( 1.103782225700398634, 2.416118236105422756, 2.803652392473452881 ) ) ;
#2636 = CARTESIAN_POINT ( 'NONE',  ( 1.055263821016528381, 2.528203907994292621, 2.182686129479090908 ) ) ;
#2637 = CARTESIAN_POINT ( 'NONE',  ( 1.430263821016529047, 2.528203907994290844, 1.229963835247838366 ) ) ;
#2638 = ORIENTED_EDGE ( 'NONE', *, *, #2486, .F. ) ;
#2639 = AXIS2_PLACEMENT_3D ( 'NONE', #2214, #1799, #709 ) ;
#2640 = EDGE_CURVE ( 'NONE', #824, #714, #2612, .T. ) ;
#2641 = AXIS2_PLACEMENT_3D ( 'NONE', #1825, #118, #2653 ) ;
#2642 = CARTESIAN_POINT ( 'NONE',  ( 1.085263821016529517, 2.528203907994290844, 2.812782175720647260 ) ) ;
#2643 = VERTEX_POINT ( 'NONE', #453 ) ;
#2644 = CARTESIAN_POINT ( 'NONE',  ( 1.775263821016529464, 2.528203907994290844, 2.129963835247838499 ) ) ;
#2645 = CARTESIAN_POINT ( 'NONE',  ( 1.551447533881865404, 2.172468359366065638, 4.844747588171428809 ) ) ;
#2646 = CARTESIAN_POINT ( 'NONE',  ( 1.442036323293121480, 2.543980757019022931, 3.326184284066735941 ) ) ;
#2647 = ORIENTED_EDGE ( 'NONE', *, *, #600, .T. ) ;
#2648 = CARTESIAN_POINT ( 'NONE',  ( 1.430263821016529713, 2.153203907994290844, 4.849963835247838695 ) ) ;
#2649 = UNCERTAINTY_MEASURE_WITH_UNIT (LENGTH_MEASURE( 1.000000000000000082E-05 ), #1394, 'distance_accuracy_value', 'NONE');
#2650 = DIRECTION ( 'NONE',  ( -0.000000000000000000, -0.000000000000000000, 1.000000000000000000 ) ) ;
#2651 = EDGE_CURVE ( 'NONE', #2459, #619, #2083, .T. ) ;
#2652 = CARTESIAN_POINT ( 'NONE',  ( 1.148386607478522059, 2.775832486953378808, 4.820455656387099275 ) ) ;
#2653 = DIRECTION ( 'NONE',  ( 0.000000000000000000, -1.000000000000000000, 0.000000000000000000 ) ) ;
#2654 = ORIENTED_EDGE ( 'NONE', *, *, #1604, .T. ) ;
#2655 = DIRECTION ( 'NONE',  ( -1.000000000000000000, 0.000000000000000000, -0.000000000000000000 ) ) ;
#2656 = ORIENTED_EDGE ( 'NONE', *, *, #2114, .F. ) ;
#2657 = CARTESIAN_POINT ( 'NONE',  ( 1.604058970995237532, 2.229964341892315183, 2.750032723307961557 ) ) ;
#2658 = CARTESIAN_POINT ( 'NONE',  ( 1.793130653292974275, 2.430426394348089492, 4.800670867028071775 ) ) ;
#2659 = CARTESIAN_POINT ( 'NONE',  ( 1.430263821016529491, 2.528203907994290844, 5.449963835247838340 ) ) ;
#2660 = ORIENTED_EDGE ( 'NONE', *, *, #360, .F. ) ;
#2661 = DIRECTION ( 'NONE',  ( 0.000000000000000000, 0.000000000000000000, 1.000000000000000000 ) ) ;
#2662 = CARTESIAN_POINT ( 'NONE',  ( 1.754900318808604531, 2.340091759734035382, 2.169264476937363462 ) ) ;
#2663 = DIRECTION ( 'NONE',  ( -0.5980431156508640989, -0.8014639304563911937, 0.000000000000000000 ) ) ;
#2664 = EDGE_CURVE ( 'NONE', #86, #555, #2766, .T. ) ;
#2665 = CARTESIAN_POINT ( 'NONE',  ( 1.064927202194488443, 2.442737194170578885, 4.799977338428889517 ) ) ;
#2666 = CARTESIAN_POINT ( 'NONE',  ( 1.089830288689662030, 2.585299554985808879, 4.169457287923361122 ) ) ;
#2667 = VERTEX_POINT ( 'NONE', #831 ) ;
#2668 = CARTESIAN_POINT ( 'NONE',  ( 1.430263821016521719, 2.528203907994257538, 3.599963835247866228 ) ) ;
#2669 = VERTEX_POINT ( 'NONE', #1524 ) ;
#2670 = CIRCLE ( 'NONE', #1822, 0.1279527559055117225 ) ;
#2671 = LINE ( 'NONE', #321, #1049 ) ;
#2672 = CIRCLE ( 'NONE', #1185, 0.1249999999999999029 ) ;
#2673 = CARTESIAN_POINT ( 'NONE',  ( 1.506785085814376091, 2.630753426655049854, 1.719963835247838357 ) ) ;
#2674 = VERTEX_POINT ( 'NONE', #2356 ) ;
#2675 = CARTESIAN_POINT ( 'NONE',  ( 1.430263821016529491, 3.028203907994290844, 2.129963835247838499 ) ) ;
#2676 = EDGE_CURVE ( 'NONE', #960, #1436, #761, .T. ) ;
#2677 = DIRECTION ( 'NONE',  ( 0.000000000000000000, 0.000000000000000000, -1.000000000000000000 ) ) ;
#2678 = CARTESIAN_POINT ( 'NONE',  ( 1.455117369406949246, 2.902583174751522499, 4.849792299304911403 ) ) ;
#2679 = ADVANCED_FACE ( 'NONE', ( #1488, #731 ), #2437, .T. ) ;
#2680 = DIRECTION ( 'NONE',  ( -0.000000000000000000, -0.000000000000000000, 1.000000000000000000 ) ) ;
#2681 = CARTESIAN_POINT ( 'NONE',  ( 1.690174835032628886, 2.756183826484744692, 2.775592238708450843 ) ) ;
#2682 = CARTESIAN_POINT ( 'NONE',  ( 1.430263821016529713, 2.528203907994290844, 2.701774835247837903 ) ) ;
#2683 = ORIENTED_EDGE ( 'NONE', *, *, #326, .F. ) ;
#2684 = VECTOR ( 'NONE', #373, 39.37007874015748143 ) ;
#2685 = DIRECTION ( 'NONE',  ( 0.000000000000000000, -1.000000000000000000, -1.092739197465704972E-14 ) ) ;
#2686 = ORIENTED_EDGE ( 'NONE', *, *, #299, .T. ) ;
#2687 = AXIS2_PLACEMENT_3D ( 'NONE', #161, #176, #1697 ) ;
#2688 = CARTESIAN_POINT ( 'NONE',  ( 1.772957779885736329, 2.482361592172779297, 4.168333872209620594 ) ) ;
#2689 = VERTEX_POINT ( 'NONE', #503 ) ;
#2690 = CARTESIAN_POINT ( 'NONE',  ( 1.430263821016529491, 3.028203907994290844, 3.489963835247838375 ) ) ;
#2691 = B_SPLINE_CURVE_WITH_KNOTS ( 'NONE', 3,
 ( #240, #2301, #7, #867, #673, #658, #1226, #1534, #1519, #1735, #2095, #2382, #1014, #1891, #1310, #2512, #1095, #2393, #463, #450, #1676, #574, #1653, #253, #1297, #2721 ),
 .UNSPECIFIED., .F., .F.,
 ( 4, 2, 2, 2, 2, 2, 2, 2, 2, 2, 2, 2, 4 ),
 ( 0.000000000000000000, 0.001736907224604571261, 0.002605360836906855156, 0.003473814449209138618, 0.005210721673813706843, 0.006079175286116008520, 0.006947628898418310196, 0.007816082510720611873, 0.008684536123022914417, 0.01042144334762751257, 0.01128989695992982031, 0.01215835057223212633, 0.01389525779683674009 ),
 .UNSPECIFIED. ) ;
#2692 = DIRECTION ( 'NONE',  ( 0.000000000000000000, 0.000000000000000000, -1.000000000000000000 ) ) ;
#2693 = EDGE_CURVE ( 'NONE', #2113, #1183, #517, .T. ) ;
#2694 = DIRECTION ( 'NONE',  ( 0.000000000000000000, -1.000000000000000000, 0.000000000000000000 ) ) ;
#2695 = CARTESIAN_POINT ( 'NONE',  ( 1.085263821016529739, 2.539585748113220021, 4.167145494775029491 ) ) ;
#2696 = ORIENTED_EDGE ( 'NONE', *, *, #1715, .F. ) ;
#2697 = CARTESIAN_POINT ( 'NONE',  ( 1.430263821016529491, 3.028203907994290844, 4.249963835247838162 ) ) ;
#2698 = ORIENTED_EDGE ( 'NONE', *, *, #1373, .T. ) ;
#2699 = DIRECTION ( 'NONE',  ( -0.000000000000000000, -0.000000000000000000, 1.000000000000000000 ) ) ;
#2700 = ADVANCED_FACE ( 'NONE', ( #1549 ), #1382, .T. ) ;
#2701 = CARTESIAN_POINT ( 'NONE',  ( 1.430263821016529491, 3.028203907994290844, 3.489963835247838375 ) ) ;
#2702 = ORIENTED_EDGE ( 'NONE', *, *, #180, .T. ) ;
#2703 = CARTESIAN_POINT ( 'NONE',  ( 1.770652652952099171, 2.585551954258272112, 4.169479650562957218 ) ) ;
#2704 = DIMENSIONAL_EXPONENTS ( 1.000000000000000000, 0.000000000000000000, 0.000000000000000000, 0.000000000000000000, 0.000000000000000000, 0.000000000000000000, 0.000000000000000000 ) ;
#2705 = CARTESIAN_POINT ( 'NONE',  ( 1.430263821016529491, 2.183203907994290649, 2.729963835247838144 ) ) ;
#2706 = PLANE ( 'NONE',  #256 ) ;
#2707 = DIRECTION ( 'NONE',  ( 0.000000000000000000, 0.000000000000000000, 1.000000000000000000 ) ) ;
#2708 = ORIENTED_EDGE ( 'NONE', *, *, #1139, .T. ) ;
#2709 = CIRCLE ( 'NONE', #1487, 1.359999999999999876 ) ;
#2710 =( CONVERSION_BASED_UNIT ( 'INCH', #1852 ) LENGTH_UNIT ( ) NAMED_UNIT ( #2704 ) );
#2711 = EDGE_LOOP ( 'NONE', ( #1428, #2468, #980, #2787 ) ) ;
#2712 = EDGE_CURVE ( 'NONE', #1628, #1183, #1029, .T. ) ;
#2713 = CYLINDRICAL_SURFACE ( 'NONE', #56, 0.01968503937007848661 ) ;
#2714 = CARTESIAN_POINT ( 'NONE',  ( 1.430263821016529491, 2.028203907994290844, 3.489963835247838375 ) ) ;
#2715 = ORIENTED_EDGE ( 'NONE', *, *, #2125, .T. ) ;
#2716 = CARTESIAN_POINT ( 'NONE',  ( 1.584192740984864178, 2.837785020950283066, 4.234512921310028766 ) ) ;
#2717 = CARTESIAN_POINT ( 'NONE',  ( 1.430263821016529713, 2.528203907994290844, 1.719963835247838357 ) ) ;
#2718 = CARTESIAN_POINT ( 'NONE',  ( 1.430263821016529491, 2.528203907994290844, 1.229963835247838366 ) ) ;
#2719 =( CONVERSION_BASED_UNIT ( 'INCH', #173 ) LENGTH_UNIT ( ) NAMED_UNIT ( #1210 ) );
#2720 = CARTESIAN_POINT ( 'NONE',  ( 1.264036166616922641, 2.191833231048897712, 2.140116288370299102 ) ) ;
#2721 = CARTESIAN_POINT ( 'NONE',  ( 1.430263821016525272, 2.183203907994238691, 4.249963835247862143 ) ) ;
#2722 = DIRECTION ( 'NONE',  ( 0.000000000000000000, 1.047444401652940007E-14, -1.000000000000000000 ) ) ;
#2723 = ORIENTED_EDGE ( 'NONE', *, *, #789, .T. ) ;
#2724 = AXIS2_PLACEMENT_3D ( 'NONE', #2575, #614, #21 ) ;
#2725 = EDGE_CURVE ( 'NONE', #1062, #2056, #2002, .T. ) ;
#2726 = AXIS2_PLACEMENT_3D ( 'NONE', #1411, #1172, #1216 ) ;
#2727 = VECTOR ( 'NONE', #1128, 39.37007874015748143 ) ;
#2728 = CARTESIAN_POINT ( 'NONE',  ( 1.475971340505905394, 2.186051607779004424, 2.731252982481254143 ) ) ;
#2729 = CARTESIAN_POINT ( 'NONE',  ( 1.430263821016529491, 2.528203907994290844, 2.129963835247838499 ) ) ;
#2730 = ORIENTED_EDGE ( 'NONE', *, *, #1607, .F. ) ;
#2731 = CYLINDRICAL_SURFACE ( 'NONE', #1732, 0.6499999999999999112 ) ;
#2732 = VECTOR ( 'NONE', #945, 39.37007874015748143 ) ;
#2733 = ORIENTED_EDGE ( 'NONE', *, *, #2097, .T. ) ;
#2734 = CIRCLE ( 'NONE', #1878, 0.3450000000000000289 ) ;
#2735 = CYLINDRICAL_SURFACE ( 'NONE', #1001, 0.6600000000000004752 ) ;
#2736 = DIRECTION ( 'NONE',  ( 0.000000000000000000, 1.000000000000000000, 1.047444401652940007E-14 ) ) ;
#2737 = ADVANCED_FACE ( 'NONE', ( #1365 ), #1608, .F. ) ;
#2738 = DIRECTION ( 'NONE',  ( 0.000000000000000000, 1.047444401652940007E-14, -1.000000000000000000 ) ) ;
#2739 = DIRECTION ( 'NONE',  ( 0.000000000000000000, 1.047444401652940007E-14, -1.000000000000000000 ) ) ;
#2740 = ORIENTED_EDGE ( 'NONE', *, *, #2510, .T. ) ;
#2741 = CARTESIAN_POINT ( 'NONE',  ( 1.728676040127210767, 2.701700424847020443, 4.188951564503298641 ) ) ;
#2742 = CARTESIAN_POINT ( 'NONE',  ( 1.332574592313948258, 2.891092014115807629, 2.133261518709451909 ) ) ;
#2743 = ORIENTED_EDGE ( 'NONE', *, *, #1053, .T. ) ;
#2744 = CARTESIAN_POINT ( 'NONE',  ( 1.442036323293121480, 2.543980757019022931, 1.719963835247838357 ) ) ;
#2745 = DIRECTION ( 'NONE',  ( 0.000000000000000000, 0.000000000000000000, 1.000000000000000000 ) ) ;
#2746 = LINE ( 'NONE', #366, #1781 ) ;
#2747 = FACE_OUTER_BOUND ( 'NONE', #626, .T. ) ;
#2748 = DIRECTION ( 'NONE',  ( 0.000000000000000000, 0.000000000000000000, 1.000000000000000000 ) ) ;
#2749 = LINE ( 'NONE', #2208, #1561 ) ;
#2750 = EDGE_CURVE ( 'NONE', #964, #319, #298, .T. ) ;
#2751 = CARTESIAN_POINT ( 'NONE',  ( 1.704275429076202109, 2.739009625390901537, 2.780952259571788154 ) ) ;
#2752 = ORIENTED_EDGE ( 'NONE', *, *, #966, .T. ) ;
#2753 = CARTESIAN_POINT ( 'NONE',  ( 1.353742556218683557, 2.425654389333531391, 2.701774835247837903 ) ) ;
#2754 = CARTESIAN_POINT ( 'NONE',  ( 1.430263821016529713, 2.528203907994290844, 1.719963835247838357 ) ) ;
#2755 = EDGE_LOOP ( 'NONE', ( #2415, #2333 ) ) ;
#2756 = CARTESIAN_POINT ( 'NONE',  ( 1.430263821016529491, 1.768203907994290391, 3.489963835247838375 ) ) ;
#2757 = CARTESIAN_POINT ( 'NONE',  ( 1.094341571465533569, 2.448766925725457622, 2.808228881894366147 ) ) ;
#2758 = DIRECTION ( 'NONE',  ( 0.000000000000000000, 1.000000000000000000, -0.000000000000000000 ) ) ;
#2759 = ORIENTED_EDGE ( 'NONE', *, *, #2440, .F. ) ;
#2760 = ADVANCED_FACE ( 'NONE', ( #902 ), #84, .T. ) ;
#2761 = B_SPLINE_CURVE_WITH_KNOTS ( 'NONE', 3,
 ( #1869, #2029, #755, #2728, #2477, #1400, #2769, #607, #427, #1478, #578, #2345, #1938, #2541, #2570, #620, #1229, #179, #2515, #835, #1895, #388, #1255, #1438, #413, #849 ),
 .UNSPECIFIED., .F., .F.,
 ( 4, 2, 2, 2, 2, 2, 2, 2, 2, 2, 2, 2, 4 ),
 ( 0.02778275043839177616, 0.02865025365378882569, 0.02951775686918587521, 0.03125276329997994651, 0.03212026651537698563, 0.03298776973077402475, 0.03385527294617106386, 0.03472277616156809604, 0.03645778259236217428, 0.03819278902315624558, 0.03992779545395032381, 0.04079529866934739069, 0.04166280188474445756 ),
 .UNSPECIFIED. ) ;
#2762 = CARTESIAN_POINT ( 'NONE',  ( 1.748642241986497314, 2.726722396434959617, 4.812190748068071677 ) ) ;
#2763 = CIRCLE ( 'NONE', #1097, 0.2499999999999998057 ) ;
#2764 = VECTOR ( 'NONE', #1482, 39.37007874015748143 ) ;
#2765 = ADVANCED_FACE ( 'NONE', ( #1768 ), #2624, .F. ) ;
#2766 = LINE ( 'NONE', #1313, #2186 ) ;
#2767 = DIRECTION ( 'NONE',  ( 0.000000000000000000, -1.000000000000000000, -1.092739197465704972E-14 ) ) ;
#2768 = VERTEX_POINT ( 'NONE', #706 ) ;
#2769 = CARTESIAN_POINT ( 'NONE',  ( 1.542559083202233561, 2.201202210245723823, 2.738004956469386908 ) ) ;
#2770 = DIRECTION ( 'NONE',  ( -0.5980431156508589918, -0.8014639304563950795, 0.000000000000000000 ) ) ;
#2771 = ORIENTED_EDGE ( 'NONE', *, *, #1607, .T. ) ;
#2772 = CARTESIAN_POINT ( 'NONE',  ( 1.156570438735654793, 2.738539699447296805, 2.780915894953579937 ) ) ;
#2773 = VECTOR ( 'NONE', #1545, 39.37007874015748143 ) ;
#2774 = CARTESIAN_POINT ( 'NONE',  ( 1.219301106391440292, 2.254297800296111820, 2.759575921617134941 ) ) ;
#2775 = CARTESIAN_POINT ( 'NONE',  ( 1.781267595482735722, 2.660757120432613920, 2.176030888416906617 ) ) ;
#2776 = MECHANICAL_DESIGN_GEOMETRIC_PRESENTATION_REPRESENTATION (  '', ( #122 ), #212 ) ;
#2777 = ORIENTED_EDGE ( 'NONE', *, *, #2125, .F. ) ;
#2778 = PRODUCT_DEFINITION ( 'UNKNOWN', '', #1639, #2394 ) ;
#2779 = AXIS2_PLACEMENT_3D ( 'NONE', #329, #2071, #504 ) ;
#2780 = EDGE_CURVE ( 'NONE', #697, #232, #272, .T. ) ;
#2781 = DIRECTION ( 'NONE',  ( 0.000000000000000000, 0.000000000000000000, -1.000000000000000000 ) ) ;
#2782 = CARTESIAN_POINT ( 'NONE',  ( 1.131101568116172684, 2.701499991831385117, 2.791190572551917715 ) ) ;
#2783 = CARTESIAN_POINT ( 'NONE',  ( 1.774702352779292003, 2.550947544148599366, 2.812495241620653452 ) ) ;
#2784 = VERTEX_POINT ( 'NONE', #2636 ) ;
#2785 = CARTESIAN_POINT ( 'NONE',  ( 1.604290841350477059, 2.826931278686013016, 4.230018776334691033 ) ) ;
#2786 = CARTESIAN_POINT ( 'NONE',  ( 1.380850961325275295, 2.900748311074110131, 2.130646826451780829 ) ) ;
#2787 = ORIENTED_EDGE ( 'NONE', *, *, #1964, .F. ) ;
#2788 = DIRECTION ( 'NONE',  ( -0.000000000000000000, -0.000000000000000000, 1.000000000000000000 ) ) ;
#2789 = ADVANCED_FACE ( 'NONE', ( #2747 ), #1223, .T. ) ;
#2790 = DIRECTION ( 'NONE',  ( 0.000000000000000000, 0.000000000000000000, 1.000000000000000000 ) ) ;
#2791 = CARTESIAN_POINT ( 'NONE',  ( 1.677940335244600956, 2.810040938286133105, 2.152672120627669106 ) ) ;
#2792 = ORIENTED_EDGE ( 'NONE', *, *, #736, .T. ) ;
#2793 = CARTESIAN_POINT ( 'NONE',  ( 1.339803638926446938, 2.195081143301391702, 4.244640453090243071 ) ) ;
#2794 = CARTESIAN_POINT ( 'NONE',  ( 1.085263821016529517, 2.528203907994290844, 4.167145494775028602 ) ) ;
#2795 = DIRECTION ( 'NONE',  ( -0.000000000000000000, -1.047444401652940007E-14, 1.000000000000000000 ) ) ;
#2796 = VERTEX_POINT ( 'NONE', #762 ) ;
#2797 = CARTESIAN_POINT ( 'NONE',  ( 1.475747953926930700, 2.870383105581783223, 4.248686833785933814 ) ) ;
ENDSEC;
END-ISO-10303-21;
